{"epoch50": [0.7918793092068938, 1.5873455362221622, 1.3240753117295885, 1.493749489489289, 1.6443293340427358, 1.9895833386588337, 2.2673400431564175, 2.465635887126333, 2.5248436854057705, 2.5306727984516892, 2.5971108441500323, 2.6598973569181776, 2.751113463922876, 2.7298352914987154, 2.6722049369025482, 2.6813671244788426, 2.7191002688457044, 2.736786195912313, 2.6960877438181448, 2.7752530451902415, 2.7758283393899172, 2.7162340178932123, 2.760606660056361, 2.7390707718957334, 2.757677378113738, 2.776289573649769, 2.786523342132569, 2.814694682347405, 2.875479346698091, 2.8594448861387587, 2.85995767042809, 2.8562568020574837, 2.8960165313838675, 2.880838512145366, 2.907981850437282, 2.8856073998913314, 2.903691048474656, 2.909482668355567, 2.905952999272297, 2.89462449378574, 2.89259952613988, 2.9063793580556654, 2.8889444685473875, 2.8973268381099095, 2.8907546358010214, 2.8851839537473065, 2.875045277408718, 2.85428855837006, 2.8405112974422515, 2.8429799202791184], "epoch100": [2.842042878731008, 2.807824786176386, 2.775534128405385, 2.815743770795998, 2.771460179201106, 2.798827122167214, 2.7782068326301186, 2.767393414507207, 2.755352189860394, 2.7422497714917693, 2.7337396783927037, 2.7413801065425276, 2.728194160559743, 2.729566817431106, 2.7166373311858814, 2.695740795627083, 2.69821637684537, 2.6894055396011187, 2.7035460545844634, 2.6695371534406527, 2.6683966326959334, 2.666019009560653, 2.6230475288076507, 2.61397798282584, 2.6144579907053527, 2.5740166324930094, 2.5635925691152357, 2.5610158984194116, 2.562457888396745, 2.571289544253005, 2.6010000902352868, 2.5754566684211664, 2.566472132181384, 2.5822438087660027, 2.53164193802273, 2.5121889384751475, 2.511816037069891, 2.5550239184468055, 2.5368774650023167, 2.511084318161011, 2.4692717827472497, 2.4480183960236217, 2.435114479556526, 2.5110985470801293, 2.4657229934771046, 2.4589607518972803, 2.4187151156749924, 2.3922652436285903, 2.3961786265225755, 2.3775691125810763], "epoch150": [2.4717006609611905, 2.4462988966519066, 2.3870620948752177, 2.3803714255696726, 2.347034771417834, 2.350303497511087, 2.3543560529492567, 2.3916162977513586, 2.420106315121208, 2.4070826830323218, 2.328981996811543, 2.3502812139766736, 2.349293630147717, 2.336719825095738, 2.3271145304453738, 2.2581228595419027, 2.301669700858519, 2.308492476178198, 2.280907975029699, 2.268088689784413, 2.2873714830457557, 2.2866254246112, 2.313611320613586, 2.2621788659046613, 2.2511399824594718, 2.2027166897488617, 2.198766978745608, 2.2003147700398236, 2.2096242855504618, 2.2356327735271653, 2.2268423763747065, 2.2493449019402574, 2.222184043569663, 2.1899567707297733, 2.233907977330316, 2.2381657595486986, 2.2101643183796673, 2.1988186565871097, 2.1527110325921437, 2.132347303567474, 2.120873748641654, 2.135945023949613, 2.16436638291349, 2.206232004558917, 2.1636345681455946, 2.145101564446676, 2.20822755577638, 2.2304321392295297, 2.217730045318603, 2.15375506755003], "epoch200": [2.1481572549367693, 2.1253430167424305, 2.1329159023835493, 2.1440186967554773, 2.138421737041669, 2.1406874484622613, 2.1692485194845306, 2.197344190066623, 2.1409915624205587, 2.1478863229456646, 2.1602192957376705, 2.16612463144912, 2.1618650672362025, 2.1402794307040187, 2.1290182624895557, 2.129277784799793, 2.161920527821964, 2.1479891219089944, 2.13753419930173, 2.150737076690516, 2.1754370473094817, 2.182237507141742, 2.1400937345839046, 2.150309373422996, 2.135081701671954, 2.1209190014711363, 2.061198405383789, 2.0265318708321485, 2.0488006048595793, 2.0483223470215943, 2.069707850820011, 2.083416389435837, 2.1001411737854956, 2.0722033166393783, 2.0591555366811067, 2.1105904763506858, 2.1404514816618456, 2.141083955764771, 2.125705822226927, 2.0716581320025256, 2.0592015059952895, 2.027924831380549, 2.030737819130888, 2.0881544744845515, 2.082038460318574, 2.0439652646939774, 2.0238958351390877, 2.021572986828912, 2.0005013733795014, 1.9680504381042165], "epoch250": [1.976955342538578, 1.993892852793034, 1.9748228788375852, 1.9798402761675653, 1.97446418668806, 1.9850947549662632, 2.0686182754555924, 2.024250909225228, 1.9909355394619026, 1.9887267486336304, 1.9755029666055115, 1.979665258496078, 1.9836439496463105, 1.9977620975258426, 1.9871373840214057, 1.9581304100370907, 1.952574357544023, 2.0038407795208015, 2.0098777812780804, 2.0023755744560483, 2.025966301406782, 1.9959346400093783, 1.9730799321046806, 1.9624896577953062, 1.974869222985101, 2.0258509350806175, 2.0158738856463083, 1.9907112785221373, 1.9686345353568961, 1.9563483675730595, 1.916284159286735, 1.9305782330404853, 1.9578126988460112, 1.9658646448371335, 1.9266679372984106, 1.9337205837682347, 1.9708959675326794, 1.9848927038232074, 1.9361588106941927, 1.8937093928917166, 1.8941801122783382, 1.923354435212834, 1.9451075288438309, 1.9508018591969287, 1.9476647045194488, 1.9495231564511952, 1.933211660876716, 1.9167708281389217, 1.937429381400039, 1.9588882370093428], "epoch300": [1.9343107225968659, 1.8946587805895456, 1.9339622627828539, 1.9404328385579208, 1.9170901480409281, 1.9031140595367277, 1.894782233484013, 1.8987864046981657, 1.93198085691511, 1.9631298989364785, 1.9320463618052373, 1.9056256296708416, 1.9347629854359576, 1.9422887993842064, 1.9166140150778073, 1.9298208570971942, 1.939576115804849, 1.9242992315095728, 1.9060152560165249, 1.9199584427568102, 1.9282704886701914, 1.9082279574010783, 1.8951392112318997, 1.9058448149985874, 1.9204970536772734, 1.9022177359492518, 1.8850008003490486, 1.9187727822470917, 1.9133291146189897, 1.8585901051452485, 1.8755099650510805, 1.8889830985020113, 1.911088025447019, 1.885861126417966, 1.869361085990041, 1.8530929248357562, 1.8867833798693627, 1.9201442519414054, 1.9189561408819609, 1.893697839422324, 1.9164994451188553, 1.949391001278593, 1.9385797178622375, 1.9312746819761606, 1.9130988710934353, 1.9321369534915258, 1.9513372477796889, 1.9763388781203437, 1.9391790714460553, 1.9267777769835954], "epoch350": [1.9292951883728975, 1.9057345845035671, 1.8732300038190237, 1.8650197650968412, 1.873480095076807, 1.8438683109185126, 1.8344137017259894, 1.8400795791566982, 1.8297137611920076, 1.840071176745228, 1.8329221428055127, 1.8601080990329228, 1.8470727451068838, 1.846332580772872, 1.84696898755339, 1.8512306569777817, 1.8246085582320233, 1.8177028697790558, 1.827738927811691, 1.8322175102135567, 1.832598675157606, 1.8579666184395855, 1.851647678109788, 1.841852814880843, 1.8061081736358178, 1.8156300709419635, 1.8356532669558971, 1.8571273039296723, 1.8784856157204537, 1.8485575422798233, 1.8689087420394748, 1.8465348346946158, 1.8083204362810272, 1.8324839589522062, 1.8589944286444744, 1.9050547683361876, 1.9176533394253137, 1.913326252367078, 1.8804853564685153, 1.8853816076652294, 1.8910145501500564, 1.8938292215779882, 1.8778399474842027, 1.8439034739720455, 1.8263066785851705, 1.8337918864083038, 1.8670453435366918, 1.879480983793121, 1.8665789746746582, 1.8654862162993138], "epoch400": [1.881691170721939, 1.8422065444828317, 1.830414144034238, 1.8525821548147299, 1.8673723038938863, 1.8600323691810527, 1.8522198286253144, 1.8346641248034457, 1.8255512321118228, 1.8550032745931573, 1.8201482529492718, 1.8160499322045711, 1.8162926152809387, 1.8196069899293565, 1.828153611458455, 1.8582246598509167, 1.8661121781339358, 1.8391735688927242, 1.8121364325592204, 1.8411265968047468, 1.8584385188584476, 1.8528843331582767, 1.8322799132042316, 1.8237480896035416, 1.7792081464197214, 1.780714986250573, 1.7898081958908387, 1.817284305071094, 1.8255224154167564, 1.8341040426922839, 1.8347938847296015, 1.8404941571127515, 1.8197167472741038, 1.801942498413558, 1.8116511413731522, 1.8019787761353951, 1.7862888009277818, 1.804357021125321, 1.8496057102360681, 1.8284074842315363, 1.822862700088737, 1.80374619026774, 1.8291285640185644, 1.8526259144556885, 1.8020317566763493, 1.7872842574856946, 1.7945082605499583, 1.7847188575980586, 1.8083838015487506, 1.7857604690433777],