{"epoch50": [0.6316015161189835, 0.5404303540888516, 0.39421941908364444, 0.40187390440518095, 0.43800545998455315, 0.35119226114037105, 0.49275299015733387, 0.4271507957546983, 0.37030730235207937, 0.3804912072481568, 0.3408852115119857, 0.32618969586706653, 0.3274441582640421, 0.3441378274529251, 0.32469792495068817, 0.3228340145853377, 0.37115334788548576, 0.39807586786673244, 0.4318818434612037, 0.42030937616358116, 0.4144517896101648, 0.40458083183495025, 0.4396782483636718, 0.44104822609842426, 0.43323204228558504, 0.45808412856662384, 0.4411899456658314, 0.4818074042649614, 0.5091673092743787, 0.5077898121371714, 0.5141327516319826, 0.49359806665440176, 0.4824297179266349, 0.4931224575362255, 0.5155802528882762, 0.5383444099696642, 0.5100284111253995, 0.5124040808259828, 0.5377840700837757, 0.5176921812529416, 0.4904988340495789, 0.5345287055698867, 0.550485810668198, 0.5518702655723415, 0.5565534879251854, 0.5376010515640691, 0.5456527176591539, 0.5676238309476795, 0.5635298140270193, 0.5822691812957685], "epoch100": [0.5525037621714405, 0.568942398140111, 0.572891832012491, 0.5980839975101433, 0.5706781763391395, 0.5683088357915582, 0.5730534490850784, 0.5542956940906564, 0.5907728930109557, 0.5738919285154831, 0.5912177513555156, 0.5841682178457989, 0.6022759565373057, 0.5894383487013197, 0.594829734453221, 0.5793989853760629, 0.5862439385394462, 0.5903155262937251, 0.6040596740761985, 0.5987496787739783, 0.5971886749120101, 0.587279541590779, 0.600346186726364, 0.6037538739823805, 0.593992152779373, 0.5937631038046373, 0.5872669895899664, 0.5707331219899283, 0.5605857273966997, 0.5311040589489888, 0.5130087644169012, 0.517252591160155, 0.5249927013190753, 0.5128067323227518, 0.5144436178133661, 0.5449852230622596, 0.49144018925342353, 0.4791157749510302, 0.4618050517495143, 0.4667053812557889, 0.4934025170262328, 0.49314060438539575, 0.47817189453803377, 0.4765539875964529, 0.46744796756616575, 0.48033940423395194, 0.45617784513640647, 0.48352374674118676, 0.46958521100663625, 0.45084836986876026], "epoch150": [0.45758936730856753, 0.4342303558723215, 0.4432517652659072, 0.41975843537714064, 0.4325348415325598, 0.4194854159945066, 0.40419998427027287, 0.3996216313740641, 0.4193592427932111, 0.41938375965836144, 0.3960626678368481, 0.3895426681361247, 0.39673568999644393, 0.39909424271780164, 0.3978444098197307, 0.3922836295108205, 0.4106067200911413, 0.39314039681375645, 0.40682163035746677, 0.39443157352123054, 0.40288947845242684, 0.39930239965006237, 0.39850705862045294, 0.3762141423127086, 0.4002754184388622, 0.3899179979697942, 0.3756922824481099, 0.3876458351145087, 0.39259548715709414, 0.38412418562112394, 0.38502609084561923, 0.37982007646069094, 0.3816061357861942, 0.3644087926014182, 0.3536827951362452, 0.3567435793655436, 0.3549309827617764, 0.3464102871024731, 0.3369258516228076, 0.34996281948286234, 0.3454465460531492, 0.35000591486999655, 0.33034073138974385, 0.32910995569425777, 0.3359152714616244, 0.33770455926963977, 0.3315710274829079, 0.3272901076016968, 0.32103725714781844, 0.29608331175194574], "epoch200": [0.28686959350231994, 0.2988063613164057, 0.31976725360781877, 0.32499452657306327, 0.32181883011896595, 0.3191671469776901, 0.3150403545689338, 0.3147311222921942, 0.31606288208174954, 0.3154388945741752, 0.3172033244801551, 0.3136445185572832, 0.3177809970280558, 0.31163181072657875, 0.30741550197306367, 0.30307917342972507, 0.3013188132305735, 0.29975868162420594, 0.29531663164650046, 0.30435465353051433, 0.2979569935921542, 0.2932238028836004, 0.28808005538183384, 0.2892441291784504, 0.28838175658098214, 0.28399828475775196, 0.27695068839899023, 0.2816102885708367, 0.274967269799144, 0.27177814663071, 0.2643551703580877, 0.26376290726907464, 0.26335784792900085, 0.25862392122598027, 0.2498597746964584, 0.25045444486067464, 0.24954601215947533, 0.251880505035833, 0.24877209070417072, 0.2517595114474443, 0.252553058192902, 0.25297041160544165, 0.2516489084233941, 0.2531173279912201, 0.25080325677222814, 0.2529314840884552, 0.25162194331282195, 0.2527083811378971, 0.253080551464533, 0.25196769756754644], "epoch250": [0.25539063224472947, 0.25203431466805576, 0.25291636755171504, 0.2427429582962056, 0.2397837531320828, 0.2406551326365816, 0.2420058728186126, 0.24172953708270162, 0.24132756059317245, 0.24037019032792953, 0.24163392401233158, 0.24147473813332235, 0.24156596903333954, 0.2437508379675679, 0.24315478230260076, 0.24376355787527923, 0.24212430893760375, 0.24455943273514819, 0.24095478131599035, 0.24527787839628987, 0.24047770543196778, 0.24561881220217832, 0.2425532353293035, 0.24389309305505655, 0.24504830342592648, 0.2439606907134203, 0.24534829759720664, 0.24293694345606964, 0.2456395105295574, 0.24430488725912924, 0.24499439210006857, 0.24442691117832352, 0.24410231242474834, 0.24447208781217786, 0.24233194832334812, 0.2426956762972566, 0.24134588318387262, 0.2400262853533951, 0.23978869985673845, 0.23822982117687302, 0.23804769073564971, 0.23689414299640466, 0.23666228016012725, 0.2354561542112803, 0.23559931104945145, 0.23522728558668152, 0.23489709321371055, 0.23608861003339918, 0.2351735043771488, 0.2364970798959438]}