{"epoch50": [0.9706527815037164, 2.0540990018353025, 2.3866762660213356, 1.8594047937196556, 1.708829089538339, 2.132446227614413, 2.1604837781375212, 2.103866418612372, 2.3156583800758286, 2.3486640969502544, 2.4442357746596186, 2.5439971550223754, 2.4102556754633335, 2.320127211895186, 2.4102653424764418, 2.472706657095055, 2.2102218731162475, 1.9730251437609954, 1.7340333203679508, 1.8194629162857212, 1.92363496539519, 1.9261954002773642, 1.7382196249421116, 1.6817051110808385, 1.6973840244037586, 1.69931875061743, 1.7831598876677839, 1.7270106040325357, 1.5814669943347417, 1.4611617941217332, 1.530419323862214, 1.6260354371414967, 1.7682289659362473, 1.61661010919158, 1.4827165714244253, 1.4439900634215046, 1.5033774130123179, 1.5493685830499715, 1.4012675457394, 1.4729540937954626, 1.5775800267445663, 1.3883442854143913, 1.334335506576853, 1.3732099950928047, 1.3731043879518803, 1.3596147126758218, 1.3129060157795545, 1.2620960314249259, 1.246555513942364, 1.1608369141509853], "epoch100": [1.2805652028506562, 1.2545416416581145, 1.218921896108647, 1.1610338958268316, 1.2193277644127913, 1.2636625066245957, 1.2208397548223282, 1.3502991125755706, 1.1632667927397895, 1.2221624335062873, 1.2175687662104975, 1.2569180333737249, 1.2237654580283412, 1.1858447323140409, 1.1717505491885942, 1.1764249838504595, 1.1771262109894114, 1.2007594600166245, 1.1827045322693501, 1.2019831827006389, 1.1840408499707882, 1.2067976624695294, 1.1439126496462484, 1.1233725535500914, 1.1971269919700223, 1.185422581495698, 1.1883050891541946, 1.2954678854991486, 1.376047646876463, 1.467207358055508, 1.614935840528036, 1.7600012255698128, 1.8425318654050533, 1.855114718073422, 1.7889190850798617, 1.751113962881343, 1.8196058002943842, 1.661071289445936, 1.6965865130277022, 1.6807646431873753, 1.6610942120404588, 1.6436418749622466, 1.6251674669305076, 1.579620248263644, 1.6388717324463367, 1.6353257980543316, 1.812236940737852, 1.664299886251234, 1.6593533508556408, 1.6647804655979592], "epoch150": [1.8504474875853232, 1.8561409072777664, 1.8903214636537213, 1.926913632560022, 1.9232057763129171, 2.1288848267388096, 2.0757230446510704, 2.135582732171129, 2.028392726613075, 1.9871089827154098, 2.0739082638750377, 2.0437969841907937, 2.0075240995466093, 1.9756757045529554, 2.0576597108054404, 2.0482608485467657, 1.8274915857413383, 1.9481147847224751, 1.9046008046140375, 1.9767253656977233, 1.9041153131072053, 1.8574487609961596, 1.9353973410793195, 2.0643835768257217, 1.9334046508848046, 2.005902328442052, 2.1228014587127055, 1.9398940678724306, 1.9365080189459103, 1.91047571983534, 1.9355471355398903, 1.9981794725988324, 2.0112010707560275, 2.106780152959922, 2.1579619904154357, 2.2073203362140457, 2.256778611350305, 2.34978146405564, 2.4035358797643602, 2.3448701421010134, 2.308598397933331, 2.2865500400975813, 2.3428121940376836, 2.333500294341255, 2.303779909291219, 2.2210828250216443, 2.26593589782715, 2.303890857499899, 2.3684888721741357, 2.6546225351156654], "epoch200": [3.0066754768804174, 3.005879092462284, 2.6294880822761777, 2.4055582026845412, 2.396675026293883, 2.3317503707925065, 2.3094381401219333, 2.344460824101242, 2.335483022571838, 2.297851587079234, 2.3043270479772504, 2.320264949012049, 2.298620757368421, 2.322356917194484, 2.3260924644076946, 2.339116184981828, 2.376200339228837, 2.4206854756345453, 2.488445773567121, 2.419773807230685, 2.4353938741782284, 2.453677568239035, 2.4938244180581, 2.4856032219129736, 2.5061628671036558, 2.5345194806757676, 2.5863963156631313, 2.586643862970097, 2.6222213617305163, 2.6302780662615275, 2.7472124665053843, 2.7916656499056476, 2.7921590755895243, 2.799536006966816, 2.8779398166027264, 2.857435850752998, 2.846347762137344, 2.8257300534199197, 2.8525175335480992, 2.822308736978119, 2.792934928972695, 2.7949945877507787, 2.774020167970167, 2.750002273579234, 2.7359028108341175, 2.7447632956750625, 2.7537042848842668, 2.716705703243766, 2.7402518557519024, 2.762280238043402], "epoch250": [2.7641797557319565, 2.728512343672133, 2.7935868366477425, 2.882107034171979, 2.8999261929816806, 2.875786324137266, 2.843480105252611, 2.8511427431991416, 2.8653120994567858, 2.8503247388859387, 2.8582550152060917, 2.838273623554978, 2.82169287475114, 2.784397997806981, 2.7863668584332024, 2.7764984676518387, 2.796907754288508, 2.8351848690780153, 2.79866926940446, 2.7766428755730708, 2.788360327789464, 2.76886919355884, 2.7685538567218577, 2.7452506207928216, 2.7452535137687755, 2.74781074966352, 2.7610114284397405, 2.766265984663028, 2.7416758488134025, 2.7511280197458166, 2.724044246771901, 2.715000538481878, 2.710057983693389, 2.722929042639192, 2.7565388482870516, 2.7506171477209658, 2.743999412379312, 2.77461662980699, 2.7921143020551233, 2.809118157809542, 2.8091061582270345, 2.8198703392264766, 2.830376199840269, 2.839188214429875, 2.843572886948734, 2.84567823606668, 2.838332591597567, 2.8400739492829308, 2.87761121681056, 2.865893796547171]}