{"epoch50": [0.6450824682245551, 0.5213563930742521, 0.37603403458890217, 0.4215832635299446, 0.45498206474117403, 0.4675104298542456, 0.47766925071932587, 0.4421545466811386, 0.4636586283900074, 0.4623208454589253, 0.45324786913763626, 0.4696539449937562, 0.47414394352853906, 0.478299981847252, 0.5028147202791626, 0.47731357597813173, 0.4818103559238393, 0.49215349923704077, 0.48250219102987324, 0.49706205203361115, 0.4746727651541996, 0.4758593421621422, 0.47253338116960447, 0.4611695577803348, 0.45569140425662397, 0.4788660004581375, 0.4815777229894067, 0.4579878007013774, 0.46470817032548556, 0.4582954780342653, 0.46634861642552405, 0.515848602523509, 0.5191788203323011, 0.4862969622169574, 0.4910791510159206, 0.49224899570966496, 0.48217582211052024, 0.4875393896987757, 0.48954304161759976, 0.4846083103995963, 0.47681178290819387, 0.4722349573041976, 0.48722600660373255, 0.4991686500839351, 0.5025644744794395, 0.4999157307074242, 0.4689931940172135, 0.49290386764044636, 0.4836354584423536, 0.49113485094198245], "epoch100": [0.5253048674347475, 0.5327696744928656, 0.5518722386704277, 0.5389702197202704, 0.5399776021229851, 0.5365708888191538, 0.5415364479281239, 0.5453183485060622, 0.5117628592805764, 0.5076066611968366, 0.5613929635470676, 0.5537849191537838, 0.5887219107028135, 0.5674819933999447, 0.5840587413188109, 0.5529912587293644, 0.5596594122267259, 0.5734495803252941, 0.5838602879612717, 0.5791366088021662, 0.5777954391597472, 0.5736156351787529, 0.6073675143350032, 0.5910091504608234, 0.5836644774859712, 0.5881314271504118, 0.6031123166231768, 0.6206271212125561, 0.6085862621818624, 0.6147376851937206, 0.6182966213865378, 0.6250538807554343, 0.594058194111303, 0.600759130163291, 0.6236121912592466, 0.6201193025431682, 0.614707027513956, 0.6018295251217085, 0.6193936596211697, 0.621516101139108, 0.6166977482972688, 0.6176423264532972, 0.635739411275411, 0.6282141921446499, 0.6422857089140976, 0.650581276908363, 0.6438227713722544, 0.6350204348564148, 0.628160316919543, 0.637047241643532], "epoch150": [0.6528925883401301, 0.6285044108469459, 0.6437877140094322, 0.6323360327592829, 0.650884132409833, 0.6536458595511841, 0.637985577902843, 0.6424604009107215, 0.6571660883647877, 0.6438025205405717, 0.6530059533020881, 0.6486412213020718, 0.6455845058578805, 0.6610768584860971, 0.6566047355071786, 0.6587913128518568, 0.6442527660389534, 0.646850907925478, 0.6581744563948246, 0.6608046416154839, 0.6576506200524951, 0.6486167127324136, 0.6322345764366619, 0.6691121723234041, 0.6494113692303294, 0.6541605843711146, 0.6510161462518358, 0.6704542003956037, 0.6449456516000412, 0.6582081274887951, 0.6664399025366478, 0.6521986409560923, 0.6635479853325283, 0.6572142685811544, 0.6518359233423605, 0.6468133164435319, 0.6532844950243368, 0.6647209985968993, 0.6487867205413343, 0.6467518960077735, 0.6574073145070026, 0.6447871800550481, 0.6558929724791616, 0.6616680167384985, 0.6535684619982215, 0.6614593709867024, 0.6587608739272834, 0.6589193510026048, 0.6517519588322985, 0.6558309719734589], "epoch200": [0.6670586128824768, 0.6518474055319718, 0.6645948714816692, 0.6573530343390003, 0.6639924799044111, 0.6610923286565797, 0.6477427224523009, 0.6717846239964983, 0.6579694981427539, 0.6598313917818754, 0.6686974432050566, 0.663116323579218, 0.6557588638718594, 0.6528643394253917, 0.6643544423211482, 0.6599897281410767, 0.6596358971497449, 0.6590515024883228, 0.6513021852552275, 0.6546552740421488, 0.6601754334784046, 0.657484037359965, 0.6514600177401122, 0.6593070663127703, 0.670281864933132, 0.6685107897237402, 0.6703341738464906, 0.6608241569135607, 0.6652693084834778, 0.6648817136115637, 0.6583880173791313, 0.6635926869726674, 0.6577989280838329, 0.6615003150762973, 0.6662221741430537, 0.6657672204922157, 0.6662884575804484, 0.6684139352483847, 0.6634570876347649, 0.6608972961140662, 0.6698896835759739, 0.6652252440600053, 0.6613524844965986, 0.6624045169230591, 0.6607033499737377, 0.6672825745700565, 0.6548192077076311, 0.6595110930118365, 0.6596794927243104, 0.6674948199508117], "epoch250": [0.6684152619125917, 0.65709515515062, 0.6727789880074176, 0.6686798610638096, 0.6651021770595277, 0.6659831441554825, 0.6693509675792808, 0.6629243855623853, 0.6774045364143918, 0.6687298767345466, 0.6753010454866079, 0.6689427230775973, 0.6766963330740781, 0.6650701859562667, 0.6704231703404298, 0.6716291167072413, 0.6634279495662022, 0.6689922121382252, 0.6684397833863486, 0.6640419327106674, 0.6665431531434205, 0.6608622037258343, 0.6666941526009863, 0.6609898467653805, 0.6648987943364173, 0.6718880577185717, 0.6645265283043856, 0.6754740458173851, 0.6620775024915478, 0.6663065859951923, 0.6661468756567569, 0.6672772900345402, 0.6598665701974296, 0.6694653175540807, 0.6565282228066751, 0.6679171766202473, 0.6597850285854537, 0.660036519630668, 0.6588281946083933, 0.6665219320464381, 0.6592784634570485, 0.667667084747983, 0.6679666662953564, 0.6711399389296464, 0.6586447425724301, 0.6710643829758636, 0.672514815305926, 0.6685061030781145, 0.6688327856899536, 0.6630023502811943], "epoch300": [0.6780851827454322, 0.662352330291394, 0.6707044932031142, 0.6738059834106681, 0.6703269229721776, 0.6811311042185909, 0.6704384070081808, 0.671052580027236, 0.6781615479705257, 0.6769662843537083, 0.6772759544480708, 0.6741338525850745, 0.6729218105679933, 0.6737351835388499, 0.6666850693447073, 0.6691168307029093, 0.6750295168345736, 0.6641897276504751, 0.6710478061253264, 0.6717489834913275, 0.6736464199331618, 0.6699157676745936, 0.6699694026376781, 0.678657972935549, 0.66949555001308, 0.677015761124719, 0.6754684743193006, 0.6702970346224677, 0.6746942308760175, 0.6637140875010147, 0.6638558138277114, 0.6743893297677186, 0.6724231181685459, 0.67423204970114, 0.6695670430193243, 0.6706417430307448, 0.6678396309773944, 0.6680689306603264, 0.6683151132052708, 0.6711651676708891, 0.6730801573733692, 0.6704441167644619, 0.6697260350296179, 0.6612179469816464, 0.6741751475432484, 0.6646019263365833, 0.6726665527550216, 0.6686400144370558, 0.6685402239720846, 0.6721012641474146], "epoch350": [0.6834309199421676, 0.6702656721331405, 0.6765577928307133, 0.6695949650302383, 0.6722711760973195, 0.6699002311401759, 0.6697544056115691, 0.6715120777641376, 0.6745749865610573, 0.6789690311422053, 0.6800033837249599, 0.676132600332044, 0.6712933059820195, 0.6757128773276336, 0.679628366047574, 0.6753687096625258, 0.67533794567757, 0.6748511754360395, 0.6770274786605049, 0.6755314162097028, 0.6756292974825987, 0.6719180413128176, 0.6760994128345216, 0.67640645786659, 0.6790264138241404, 0.6750741564121442, 0.6727918017770826, 0.6782469737161066, 0.6721485380044915, 0.6752852183027367, 0.6743846173138961, 0.6765945154367035, 0.6725870757987821, 0.6695761656023791, 0.6737339631798339, 0.674766120836907, 0.671044887341175, 0.6717244165459856, 0.676803289615002, 0.676644617134763, 0.6694376775898886, 0.6763502685065124, 0.6705532000236906, 0.6713850694833339, 0.6731524823867168, 0.6681470705061844, 0.6671568923389785, 0.6773976149018277, 0.675774534953009, 0.6654661961437498],