{"epoch50": [0.8272209659065168, 1.1664869232276054, 1.3990324833958423, 1.6355363818788033, 1.395535615301624, 1.265052958862069, 1.2546335913471338, 1.2207667102518767, 1.115296868933845, 1.17152918614063, 1.2010439069000713, 1.1704990212450326, 1.151886386969655, 1.208561594953242, 1.1221415615573374, 1.143233005533513, 1.1602365466737254, 1.0670824603936104, 1.090604948628809, 1.0606122717414934, 1.0916393798651154, 0.9979883893248965, 0.9944274112121347, 0.9588790216396764, 0.9696225984809324, 0.9645702611539785, 0.952362424934033, 0.9139384277088123, 0.9050334286443965, 0.8663708051455389, 0.8644647585976983, 0.8560569003685236, 0.8621547265151112, 0.8850711854462768, 0.8562231051553159, 0.8189749256851747, 0.8360284228914794, 0.7950267619693405, 0.8273153950258629, 0.8332632042698023, 0.8527738390509615, 0.8240400012006465, 0.8412782353224211, 0.8132258450862057, 0.8003671759182648, 0.8131786461957952, 0.8115052802046552, 0.8157413300779673, 0.8011006202894387, 0.8194833483892617], "epoch100": [0.7832126224163882, 0.8025169728957506, 0.809421050179865, 0.8057174307783856, 0.7614050648876074, 0.7712538561870145, 0.786391604192478, 0.7977810164087829, 0.7894822654035901, 0.7749192813008104, 0.7884881459560592, 0.8073770545192601, 0.7822839193737382, 0.7816198689421426, 0.7710473992160916, 0.8108800618918901, 0.790274384709978, 0.7909990880907194, 0.7984376359231694, 0.7715249614617258, 0.8012196956221592, 0.7717156109121658, 0.8103571890555707, 0.8044355861919441, 0.7916941833250303, 0.7576086674768897, 0.7727911761126567, 0.7723494116792974, 0.7691199337084267, 0.7813974354684967, 0.7857594871029409, 0.8031725858904651, 0.8312644350160031, 0.955433355164282, 1.239329748546954, 1.4277401228540951, 1.2014279611331906, 1.2986416570919077, 1.2583460930696468, 1.3499075936287948, 1.2797014406046916, 1.283361049042534, 1.3156959285441134, 1.2807563027155768, 1.264416715533463, 1.211540374559226, 1.209464290707382, 1.2072514381605326, 1.2538856366246016, 1.2745563234250572], "epoch150": [1.3203551400568072, 1.3780905733403477, 1.5199813007079448, 1.6042665206279954, 1.601598970668832, 1.6713122608735393, 1.6670027909819618, 1.6653196959151437, 1.7069478182448554, 1.6162969365562356, 1.6335352425722727, 1.6239598411874676, 1.7050074129989472, 1.6123953418633368, 1.5471318505473977, 1.5404197567516995, 1.551368704776174, 1.5443981148532986, 1.5827412654444108, 1.6149966630739034, 1.5406260379810923, 1.5317178485319787, 1.525506190417968, 1.5627431906375695, 1.7492246001037128, 2.278191469379306, 1.9534685611724851, 1.6542614157666868, 1.6089679310002283, 1.5898144294306173, 1.5707088831773732, 1.5798336709897536, 1.8526808588775157, 2.166605433237921, 1.7493668413653822, 1.605846631158258, 1.5929353175704002, 1.5429704619437146, 1.53970145318926, 1.637520330468404, 1.9209968072851906, 1.6291173807124497, 1.5669469292630858, 1.5349136726143429, 1.5311653773809213, 1.5450734711184944, 1.6838505882577794, 1.9107808845559349, 1.6165293688626636, 1.5720516799651472], "epoch200": [1.5753212835370882, 1.5388110138706323, 1.5972896126127734, 1.6148444942592335, 1.6462567012334612, 1.5557998701469185, 1.559123879855441, 1.5496667721836843, 1.55156504616295, 1.5785516967478486, 1.5876277414793818, 1.8596749391752423, 1.7822812525267453, 1.6175155996047348, 1.5750109608640377, 1.5785568583871894, 1.59173549573446, 1.7284584659891022, 1.6712727841642718, 1.6259626309896251, 1.5932032398341858, 1.5837849194241553, 1.5886078839449531, 1.5696564458080173, 1.5806127282762041, 1.6432294624367942, 1.7496218902548568, 1.9047783539467251, 1.655825664087669, 1.633841895565545, 1.6045645229595213, 1.598909976556129, 1.6059290686833483, 1.6242778288949395, 1.7263359470465744, 1.8680496129792992, 1.9637224379274034, 1.7415236308402624, 1.7303317146202948, 1.7152614519768152, 1.7095352263794739, 1.7556593786809869, 1.7877527008351592, 1.8090070473779107, 1.7923473918560848, 1.7954167864986308, 1.817525997604292, 1.829202097715791, 1.824685805851651, 1.8701267979808693], "epoch250": [1.974516620341036, 1.8275392669992347, 1.8085006106760082, 1.7624205486061644, 1.8095630800601135, 1.8905924054765206, 1.8482113683346628, 1.8032737994931407, 1.7902867830905722, 1.8081700814138988, 1.8623127175360608, 1.808382087147113, 1.7745746914873415, 1.8075150853579804, 1.8016234955836823, 1.8114854306289834, 1.7917697036389229, 1.796518076326429, 1.8338367041853296, 2.1431707758264444, 2.2148559634218503, 1.8739713418115047, 1.8210929865689618, 1.8102605723843135, 1.815732801083437, 1.8746606713717742, 1.9128453178504075, 1.8669814362968364, 1.806944082692727, 1.8183165714912806, 1.8509679995861241, 1.968714164704391, 1.9940165662273919, 1.8382273605189385, 1.8093377659001302, 1.8421979651008689, 1.8230794840252282, 1.8708712083777201, 2.005253911018371, 1.9876230672462711, 1.8722971690069763, 1.842689562089664, 1.8415081304373209, 1.8543410411815047, 1.8926223700808495, 1.9527463175586812, 1.8830216102993365, 1.8300561142950942, 1.8090197867953899, 1.8452200017024563], "epoch300": [1.9602809615970886, 1.888307565266324, 1.8877780117939427, 1.8446393762667148, 1.8643553441332783, 1.8506781809108772, 1.9187116561476711, 2.123222911480776, 2.0457333412367045, 1.8735943627111693, 1.8562930785503582, 1.8870979301708264, 1.8899147399922007, 1.8736964869745003, 1.8737799273323763, 1.8840107401621706, 1.8548216770604717, 1.8921134865161067, 1.9122444723070287, 2.2129644057185383, 2.648488433090682, 2.1466552658179365, 1.9180627164152473, 1.8807426174891362, 1.8977611028042032, 1.9127607394739532, 1.9294398175072422, 1.9077921773969515, 1.8984521971535435, 1.8996466766927662, 1.9185159427603493, 1.893551825248089, 1.9255386910487693, 2.042625861069591, 1.9337167961081283, 1.8893114500439039, 1.9059565927564484, 1.9035258317731087, 1.927604181250346, 1.9044171792944684, 1.9022174864700163, 1.9763405323028567, 2.2925020321128287, 2.614059067264046, 2.24620821303928, 1.9596706161793982, 1.9299860123506523, 1.938628682156199, 1.9085003801227836, 1.9350663312931642], "epoch350": [1.9602905954282306, 1.9480769253268684, 1.9374029722410375, 1.8924877274896676, 1.9070927322525344, 1.9031223255334446, 1.9532748079791502, 2.0327762242445018, 1.9470856521547448, 1.9016159219840143, 1.9298204355633137, 1.917530646029207, 1.971312772367419, 2.3993754927645017, 2.222229351702425, 1.9676124115580136, 1.9259610507906093, 1.9154197039063448, 1.9192166144085907, 1.9244722299969075, 1.9559296787399605, 2.000772138231808, 1.930690703932772, 1.9119470807694896, 1.9229240675562436, 1.9525590545123386, 1.9364453799945793, 1.9036892111768435, 1.9205400304695992, 1.9250340916446802, 1.968861041609774, 2.3914727992618205, 2.4860215359127396, 2.1342956294718474, 1.9347312991152101, 1.9173412445894222, 1.9108354947001667, 1.960825459244325, 1.9304603633192399, 1.9201246168195591, 1.913227946487899, 1.9291991831101092, 1.9542485586146714, 1.9625109778237104, 1.9169497956934671, 1.9248195837453472, 1.9336848295841014, 1.9543364650195405, 2.132600468458589, 2.3225426968839984],