{"epoch50": [0.6484065277060285, 0.5573596259982315, 0.4165991249772691, 0.4620238579425613, 0.5218031612253682, 0.5508318279207366, 0.5410652182151365, 0.5581690988589808, 0.5948250889778138, 0.5567903875075666, 0.5623289021020084, 0.5753453754887139, 0.5752336223100878, 0.5714627356873346, 0.5934217480040087, 0.5798775369359045, 0.5758130562674139, 0.5995670053147779, 0.5925174410810177, 0.5940108514323681, 0.5887272947842309, 0.6240385555729426, 0.6193974884514957, 0.6334163356073124, 0.6121487605203058, 0.6224263500921505, 0.6278835952896432, 0.6382694557770013, 0.6452463730094362, 0.6624530228142885, 0.6501388107378455, 0.6522301496918669, 0.6490261351939327, 0.6515874469403138, 0.6524650620431013, 0.6600729479003197, 0.6606041223732467, 0.6692821002498113, 0.658757809511165, 0.6578693598816076, 0.6517121693522658, 0.6643509262615872, 0.6528208784221374, 0.6672771978624086, 0.6671804693556322, 0.666105257481644, 0.6659793190120421, 0.664766588776382, 0.6660522732538047, 0.66324807688133], "epoch100": [0.6833346596698171, 0.6617078609073284, 0.6670405631212842, 0.6714922988537658, 0.6746682211295845, 0.66889954842243, 0.6736605493063776, 0.6701890936831839, 0.6713203044281792, 0.670456821156531, 0.6714016223691172, 0.6674991256182955, 0.6723084382175168, 0.6761151693530916, 0.6737250433754675, 0.6655209728122985, 0.6720468285157507, 0.6733762984423294, 0.670398722604378, 0.6720174630892645, 0.666205678403992, 0.6751286590222233, 0.6620492615650609, 0.6716697775211528, 0.6748056909472672, 0.6755047360646355, 0.6734144509453135, 0.6755489762296379, 0.6750660120826407, 0.6726054309569683, 0.6708925759669432, 0.6657796151859244, 0.6556372642517091, 0.6269529805969948, 0.5719101889846251, 0.5504616677146597, 0.6113349727748597, 0.5930549210494328, 0.5517747958296354, 0.5208456574641552, 0.5316538644820143, 0.5274094441502366, 0.5252112365260564, 0.5231924696066944, 0.5237701372387484, 0.5226897750933147, 0.5206125077513074, 0.5225195829401311, 0.5137353487235983, 0.509193256651003], "epoch150": [0.5031708819964497, 0.48589022565133777, 0.4636533377096824, 0.45794782288295716, 0.46429586809935036, 0.4410715520996408, 0.44471398733325845, 0.4297940300911971, 0.42134091473117313, 0.4245059505565878, 0.4214060054611914, 0.42152083903243853, 0.4149213629899566, 0.4226399254553096, 0.422195443480285, 0.41867746704632486, 0.42134253603895916, 0.41931096425990466, 0.41613894086523157, 0.4152421788456515, 0.4177725345818038, 0.4225720455966045, 0.4172671397322232, 0.4175515187155342, 0.4020701772773388, 0.35353939281296487, 0.4087362983792097, 0.42266786835857295, 0.41777583925994416, 0.4158890158245243, 0.41757611884284274, 0.41238935184232967, 0.39569474034702684, 0.3616974498193288, 0.42209438073266414, 0.41911867598897395, 0.4161060922539113, 0.4208314169927971, 0.417164673510286, 0.41604133487976713, 0.3823756056348072, 0.42056088656494295, 0.41561403501894073, 0.4176488580162992, 0.4161719535429452, 0.41628068562635445, 0.4068307369640192, 0.3832408008501702, 0.4159203847659003, 0.4136088124870026], "epoch200": [0.4196998074497144, 0.41471973737490553, 0.4083437615448666, 0.4122555556985521, 0.40912763912653183, 0.4136456973159435, 0.4110965996058948, 0.4100889913814584, 0.4107943800921293, 0.4097554170593774, 0.4105632683051001, 0.3918829437383672, 0.39914427375056083, 0.41512828051429423, 0.41258652984481503, 0.4097562272524094, 0.4114744236174317, 0.40222529529296225, 0.40387795911621815, 0.4061189296933793, 0.40863421559333807, 0.4074695734019133, 0.40651433277375915, 0.4079447486965926, 0.40584026691839875, 0.40176439162382155, 0.39841909445438184, 0.37551617007894605, 0.4082525768845352, 0.40526379906025145, 0.40492405012710814, 0.4043383761165069, 0.4004009498148849, 0.3997243526055641, 0.39711350755593217, 0.38776736714176274, 0.3735628533609134, 0.4005500093563315, 0.3944023257678318, 0.39239561127633166, 0.3931037252096785, 0.38574421405792236, 0.38897360200734504, 0.3838551772623948, 0.38105111884087634, 0.380467677853771, 0.3750193177424755, 0.3746761624346073, 0.374659350545136, 0.37585924581154095], "epoch250": [0.37154262305535, 0.38084447814017236, 0.3766622607855453, 0.38747578736433036, 0.37467455310919845, 0.3781138852085033, 0.37147681614787303, 0.3826844025518476, 0.3773370108653592, 0.38007386044128655, 0.3749062661657628, 0.3775158512223627, 0.3833481912145911, 0.37618051699756355, 0.3780645881731486, 0.37945493502715194, 0.3797812212988274, 0.3799492563169026, 0.37444613858596565, 0.357523019166337, 0.35468071299729903, 0.3846538665982865, 0.3810471029011244, 0.3799532105013266, 0.3786844153379659, 0.3767430951300357, 0.36872790123998506, 0.3751560981126175, 0.3818101148629927, 0.37857094529977775, 0.37505236083699256, 0.36846884224832677, 0.3622430532248979, 0.38244254933190114, 0.3791878973085854, 0.3777020223361928, 0.37750644198398, 0.37289505367426523, 0.35756795861057383, 0.3666973061782797, 0.3823389856471229, 0.37716853403553524, 0.3781051101143827, 0.3740932465214091, 0.37288347224599316, 0.36313000874421025, 0.37688923834525434, 0.38009274712542906, 0.3795492000801047, 0.3747396687256919], "epoch300": [0.36869299903358393, 0.37757870186235487, 0.370649846251478, 0.37899236949448734, 0.3743510562734505, 0.3788567329804921, 0.36932133368610115, 0.3496863393439459, 0.3645551902117188, 0.3780822640227289, 0.3773197135359971, 0.37314516183027274, 0.37354168910341157, 0.37298356073418826, 0.3749880332922199, 0.36929343840510576, 0.37363192899939934, 0.36819382979697796, 0.36785639315536345, 0.3433166250740131, 0.3207880621103895, 0.3528129781029888, 0.37839115802774714, 0.3713197757288353, 0.3688035266301065, 0.3688844374774657, 0.3687862839895425, 0.36586576608038446, 0.37027127871808313, 0.3688155056275044, 0.3655768110580052, 0.3702444083911857, 0.36306929895558304, 0.3575594566532015, 0.3680198518271298, 0.3703094650175154, 0.3688257029376079, 0.36551680239205503, 0.3658994245774968, 0.3682166645207356, 0.367336060582977, 0.35471706076995596, 0.3373303883468981, 0.3205959775398687, 0.3434457265839133, 0.3715964967442542, 0.36667927638771625, 0.3651456393531918, 0.3655803894873747, 0.3659443151705045], "epoch350": [0.36799718977249773, 0.3646368691601705, 0.3653440297264413, 0.3679863659991434, 0.36307528737894057, 0.3669331500825193, 0.36097421197547114, 0.35492353095221757, 0.3653170085444892, 0.367022145961978, 0.3620490573116184, 0.3653499702202905, 0.3586455814002717, 0.33203402161598206, 0.3463840613660124, 0.3702956717653371, 0.3663133152366913, 0.3679586624361805, 0.3648304604377942, 0.3636898911490881, 0.3611995522508914, 0.35776104939352604, 0.36646740614753415, 0.3651947486646397, 0.36524635153947427, 0.3625646608391988, 0.3614555560436447, 0.36566838867885554, 0.3648007536671825, 0.36529210148398417, 0.3592950351459464, 0.32750610653887097, 0.32862353355614177, 0.355008387688509, 0.37010956670820094, 0.36405230674546996, 0.36792491145969664, 0.3611688355809635, 0.3662432607301732, 0.3644525654537161, 0.36531229393998366, 0.36376908913101125, 0.3604759681470615, 0.35998429649883945, 0.3663076958090987, 0.3649583246904551, 0.36334937073520757, 0.3641873846963508, 0.340859065350798, 0.3361897674417987],