{"epoch50": [0.8708638948263583, 1.2690703500177443, 1.7227151270994208, 1.8301737234764495, 1.7278964445763023, 1.6241585200594875, 1.5367868364471753, 1.6442618677296585, 1.6043753832885896, 1.6503768262174945, 1.6605414828074356, 1.6138661485357388, 1.5946123329634518, 1.5897629764891152, 1.5390305863213292, 1.61249862749552, 1.6389650942124039, 1.532079551637787, 1.59780247186877, 1.572683447415067, 1.6232441860375952, 1.687125838908953, 1.6733428104636598, 1.6953779336103454, 1.7153432946844198, 1.6141655469678111, 1.5742891904005072, 1.6668231941990017, 1.6615103421751984, 1.7217794841097804, 1.7621708297237906, 1.547912847135485, 1.4856839819052783, 1.562045988348341, 1.604520629361732, 1.5567165895835653, 1.6583143460381893, 1.5987980095381595, 1.5114303937892322, 1.554047052393255, 1.588707893165116, 1.6769192341676689, 1.605796404720581, 1.5300753276372687, 1.5301569921454201, 1.4850654442285753, 1.6358114431813815, 1.5361991543130782, 1.5418884078251947, 1.5319359093597258], "epoch100": [1.4156744824242353, 1.3469036977315687, 1.2681358450466826, 1.3213932342136028, 1.3202088112683636, 1.3915076956306534, 1.3346083520613994, 1.2904841285390956, 1.4074355941457848, 1.4768560866719664, 1.3133592212323053, 1.2345839677397736, 1.1380970023342019, 1.155247994304932, 1.136663637210413, 1.2017509961865613, 1.2539708036737345, 1.1854193038547156, 1.136779212460076, 1.1397319847775482, 1.1612031078830205, 1.146236740436751, 1.088340099324885, 1.0800456754940069, 1.1149773954116196, 1.1177424684013282, 1.055328983621499, 1.0053260430847246, 1.0220427531556988, 0.9930969237052287, 1.0271081752383833, 0.9676815855134399, 1.0488831216527017, 1.0908040533360748, 0.9937917332059328, 0.9628139199669826, 0.9896835813817295, 1.026791278848943, 1.011190422416962, 0.9569378329306534, 0.9911084537653582, 0.9835395057176807, 0.9346355998638978, 0.9367293070272071, 0.9236742528443483, 0.8718711297536633, 0.8800181353215087, 0.8976890493914024, 0.9281504203363792, 0.9466399722492574], "epoch150": [0.8928671909361772, 0.9237247422798395, 0.9129892636820212, 0.9295202708735907, 0.8727831570143553, 0.8641262306380519, 0.8675072592558316, 0.9225474626747604, 0.8475648023418542, 0.8843744280412028, 0.8578547706309051, 0.8614847113176722, 0.8877112736407015, 0.8356234486570063, 0.8490104589265648, 0.8319217243145424, 0.8610682370736426, 0.8698346811471525, 0.8519496843986905, 0.8376414376435819, 0.8484575742298793, 0.8744930305431801, 0.9244397344048492, 0.8312495258665573, 0.8475250773823139, 0.8525756585229303, 0.8602278730303973, 0.8070826942158729, 0.8597235747219363, 0.8582698475454269, 0.828592352645913, 0.8623223237155639, 0.8209596233269606, 0.81533904542628, 0.8701440458445209, 0.8706265300819552, 0.8500885656199503, 0.8461135343178037, 0.8372398061850638, 0.8847800081538173, 0.8575215020130595, 0.8626494862369655, 0.895081658338763, 0.8380271116482843, 0.840617029937272, 0.8311638401955672, 0.849527967959335, 0.8302520329190284, 0.8598980491923306, 0.8378143980331028], "epoch200": [0.8429937424118986, 0.8402497166210844, 0.8339828123751375, 0.8263934371397665, 0.8222664416450816, 0.8236172002615384, 0.8421969260137105, 0.8201451283140283, 0.8242188163639343, 0.832664372994728, 0.8063676025449613, 0.7959751087365691, 0.8543278673260484, 0.868967181628512, 0.8266040897860967, 0.8302441159474485, 0.8330898205029599, 0.8301067266267598, 0.8389896129824455, 0.8584676704455898, 0.8464873052134959, 0.8327515371067008, 0.8534252078262802, 0.8374017347994539, 0.794862905728448, 0.7929107350172454, 0.7957478982886087, 0.807587273342093, 0.820225368455513, 0.8105122115194182, 0.8403581436147395, 0.8226057499954383, 0.8346413570581027, 0.826864246855077, 0.8116591038163177, 0.8045752497063468, 0.8221198486298632, 0.7878071850108114, 0.8098693557621276, 0.8211417044560934, 0.8047877636152446, 0.8121485949791585, 0.8103100190457609, 0.8259178965362077, 0.8282081251291882, 0.8084962884175412, 0.8446419466402114, 0.8277981232122046, 0.8502137150961097, 0.794569013659487], "epoch250": [0.8243562013832566, 0.8288892845517577, 0.7978274717773358, 0.7846668460934435, 0.7982803724475744, 0.8105435666349746, 0.7919347151038569, 0.8247785728002333, 0.783967187724163, 0.7963468143620444, 0.7731954928525944, 0.779779450180604, 0.7806432714167327, 0.7949858443024233, 0.7933030785973544, 0.7879551513907833, 0.8248824053203937, 0.8079995961533379, 0.7990333745160058, 0.8257879135534938, 0.8047672209051467, 0.822555039346833, 0.809536970767778, 0.8159302725005397, 0.8243354417614097, 0.7990980289646031, 0.7805731597634938, 0.7765041540578465, 0.8123526020148366, 0.8071139043139429, 0.8164275208699336, 0.7980663266378583, 0.8246831402336198, 0.8142369530864595, 0.8320851805283853, 0.8383996898366003, 0.8290739950445508, 0.8163377925292732, 0.8254493358208964, 0.8167860624716455, 0.8069344623801634, 0.8094084152241345, 0.79752627107286, 0.7987638128172491, 0.8115688421062586, 0.8006320417541821, 0.7804159663387179, 0.786640113776492, 0.8033506286512944, 0.8161088836561776], "epoch300": [0.8118775511525337, 0.8175641753009913, 0.8084548035847772, 0.7712084810758376, 0.7802560759573868, 0.7673501777894719, 0.7679075654020013, 0.7956342457496016, 0.762205800444809, 0.7736116168425254, 0.7566028065288187, 0.7674296860842361, 0.7824309628034375, 0.7763431035366255, 0.809613792552162, 0.7992490247352836, 0.7807263117475606, 0.7915953545226266, 0.7869667840987138, 0.7791511908019945, 0.7883129525430426, 0.7884032683274181, 0.802984215549587, 0.7641491767057439, 0.7828725840627533, 0.7681090229565334, 0.7673026673572578, 0.7859695990061022, 0.7827512191742971, 0.805747122494216, 0.8232067460866319, 0.7849516776419178, 0.7827802257439528, 0.7775003068225897, 0.7846951945540829, 0.7898659460323374, 0.8173242801243499, 0.7945774504818867, 0.7986984191481595, 0.779953189731873, 0.7785746363020429, 0.7909147432169962, 0.7850445963672756, 0.8155756432985524, 0.7898149072509453, 0.8079784838194704, 0.7842293811827589, 0.7839377331979493, 0.7996751045443344, 0.7822251780745904], "epoch350": [0.7862203686507707, 0.778662012409918, 0.7724851830718446, 0.7857923925537424, 0.7967343244355976, 0.796109097520101, 0.7805577467397314, 0.7957081561236037, 0.7834548667534108, 0.7665179488585163, 0.755189508506932, 0.760925586690608, 0.7831797089773358, 0.7668117456829424, 0.762730061393423, 0.7663297456564363, 0.7733246149476042, 0.7750145725368222, 0.7618652582168581, 0.769355409538623, 0.7694555176902058, 0.7789122873974827, 0.7725742569903735, 0.767775083325573, 0.7579844231458052, 0.7754096831243066, 0.7803247687742882, 0.7628070238939265, 0.7746537536689917, 0.7697557137184534, 0.7752924795003281, 0.7689895328787186, 0.7778754148286645, 0.794156255795784, 0.7858716704181787, 0.77835616991692, 0.7914531009713399, 0.7835921423951374, 0.7718080466555566, 0.7663884046151467, 0.7844872904807021, 0.7654667816211267, 0.7839675545692446, 0.7938418081126262, 0.7820668595353355, 0.7885970835833206, 0.8056975166822216, 0.7811653116314679, 0.7730817542862644, 0.7888104172097038],