{"epoch50": [0.30866032055358283, 0.202212242121549, 0.201574225401141, 0.20095024096597103, 0.20044833759671632, 0.2002711873693564, 0.20025512345672886, 0.20033626980388292, 0.20064249189244104, 0.20042727534303947, 0.20052882291607016, 0.2005707428012927, 0.20022406313837185, 0.20000761102155307, 0.19972534185832302, 0.19998942684266974, 0.20006373647562004, 0.1999143884354031, 0.20038820296218712, 0.19991979555985367, 0.19993929518866793, 0.2001795739549951, 0.19983126422793604, 0.20012953539484546, 0.19987314586172394, 0.19971932317178276, 0.20009238096242102, 0.19948942882498516, 0.1997566198565296, 0.19951866705393045, 0.20011095994526584, 0.19980399372036925, 0.19988657180795963, 0.1994887767071577, 0.19961009781385206, 0.19946929182588435, 0.1993909673285239, 0.19944166092528515, 0.19996040030238557, 0.19960488225381384, 0.19978065727297803, 0.19943866579188507, 0.19957049406066385, 0.1996719078304842, 0.19982969376844228, 0.19958184997445522, 0.19944572525540585, 0.19928306156827005, 0.19930935581934822, 0.19949341588413597], "epoch100": [0.20136271924087676, 0.19910340441256455, 0.19957187787159197, 0.19935202982622316, 0.19911174921645333, 0.1994926310384397, 0.19923470115538724, 0.1997208655187764, 0.19951335594211655, 0.1995119878004507, 0.19934949616795963, 0.1994197471547372, 0.19941394261478146, 0.19958812874002554, 0.19978237797304527, 0.1995307697156041, 0.1994011093353488, 0.19944916895984371, 0.19968641480219734, 0.19937399490592408, 0.19930304924851847, 0.19937506702142893, 0.1996844046816383, 0.19960298412239427, 0.1996311907915725, 0.19955239744530515, 0.1995297830129408, 0.1990842780808813, 0.1991311093581091, 0.19942851856197277, 0.19932580024925703, 0.19907381208901564, 0.19982124711434862, 0.19937176311138988, 0.19956011947282812, 0.1992840450449087, 0.1995285714102775, 0.19930933815302307, 0.1996030177652222, 0.19947599504411834, 0.1993996868121255, 0.19953022697537218, 0.19945094404146843, 0.1994342816244696, 0.19940337753787477, 0.19954483026696238, 0.19912915576979046, 0.19960807402109362, 0.19971737711085494, 0.19908371321933788], "epoch150": [0.20157544668187793, 0.1994496551678353, 0.1992622939581724, 0.19929182744517768, 0.19939095980113314, 0.1992415472404244, 0.1994944910720452, 0.19941695433916504, 0.19949837904615494, 0.19959369056003615, 0.19926876428815507, 0.19937906237607148, 0.19999081910271, 0.19938332779505824, 0.19956278370827746, 0.1999616506173439, 0.19942603836354517, 0.19942508929783534, 0.19951561677087218, 0.19943730763553338, 0.19891077218596473, 0.19985425579793673, 0.19917636725705926, 0.19942347920432527, 0.19929654373950562, 0.19904840468745869, 0.19950455396445757, 0.1993289694343646, 0.19929583631839945, 0.19949680996924327, 0.19902933903576175, 0.19934227018012216, 0.19952180029190703, 0.1992176605254104, 0.1990864175496643, 0.19904002716246338, 0.1992924778731828, 0.19898393658018593, 0.19958656135293618, 0.19936820557436982, 0.1997026160513003, 0.19967662566101424, 0.1994604393071735, 0.19929210703397535, 0.19973648039950542, 0.19949272228884946, 0.1993182492010372, 0.1996386020453934, 0.19948672526275998, 0.19939284641103647], "epoch200": [0.2010151630209894, 0.19961958616664732, 0.19962329056459602, 0.19916664908841716, 0.19926672052476824, 0.19942366431668856, 0.19953727322755413, 0.19919955346387683, 0.19939978697250801, 0.1991461659829641, 0.1994605981504796, 0.1994895657005999, 0.19946725989125438, 0.19949290955189583, 0.1992863528814513, 0.1990314866464163, 0.19913222433365496, 0.19919871039611786, 0.1992603532739521, 0.19918429144878974, 0.19945065984406427, 0.19933308107951253, 0.199249302142674, 0.19954975072256056, 0.19959503719487132, 0.1990316049339844, 0.1992552891834496, 0.1998475576491699, 0.19931171342884135, 0.19931582323054686, 0.19938196303303707, 0.19912758408133527, 0.19910248146229187, 0.1997042481125015, 0.1989821126473318, 0.1993383550152336, 0.19916539063158725, 0.1993346698198121, 0.19919228307979628, 0.19918101795555387, 0.19928765558090403, 0.19925641598775212, 0.19925146695879314, 0.19915417082530928, 0.1991075779666605, 0.19921688213176325, 0.19978418132079018, 0.19944880595526743, 0.1996243175157567, 0.1996224425809899], "epoch250": [0.20186794218943285, 0.1992664120553695, 0.19935740868455354, 0.19926801846199435, 0.1995904826626335, 0.19952256101922883, 0.19913426348843524, 0.19947090284111565, 0.19933447026714837, 0.19910192305279767, 0.19957232521366813, 0.1995985782945279, 0.19916673235057547, 0.1993653958605736, 0.19936136932102674, 0.19992204548157366, 0.1995673735731655, 0.1995345189706566, 0.19911853277806157, 0.19929892055152618, 0.19928322102605683, 0.19978737078376654, 0.19932358289502328, 0.19916604213493388, 0.1995443130276867, 0.19940933723425125, 0.1989987151524455, 0.19975737290284074, 0.19923445520941743, 0.19941313610863448, 0.1995979831698014, 0.19908772485772358, 0.19934135306741776, 0.19928969427482365, 0.19954044164456047, 0.19929318483342826, 0.1997793018817902, 0.1994061514581602, 0.19937317211603373, 0.19931055682221652, 0.1995218735687511, 0.19922662626222226, 0.19928260623794236, 0.199547586828163, 0.19939075026315514, 0.1995681608767853, 0.1992850116233236, 0.1995754495416719, 0.19914469015352515, 0.19959191962615727]}