{"epoch50": [186341103806.0206, 121459642325.77321, 120629016597.11337, 120580390320.82472, 120555431745.97939, 120541070409.89694, 120531626089.56702, 120525956000.98967, 120521717316.61855, 120518424597.11346, 120515816585.23706, 120514442018.3093, 120512809487.83513, 120511511604.78354, 120510510660.61852, 120509822617.07219, 120509112362.22676, 120508647698.4742, 120508070753.64952, 120507658915.62883, 120507304548.28868, 120506877381.93814, 120506623641.07217, 120506406848.65985, 120506145844.78351, 120506009578.88661, 120505848188.04121, 120505649510.92776, 120505504588.53603, 120505426257.81442, 120505310176.32997, 120505204144.82477, 120505093130.55676, 120505031310.51555, 120504947616.98965, 120504859194.06177, 120504798303.01021, 120504757131.87617, 120504675971.95857, 120504655280.82465, 120504606297.73181, 120504541479.58752, 120504494312.24734, 120504476534.7628, 120504440515.29893, 120504412054.43297, 120504392081.15465, 120504350403.29903, 120504306022.92792, 120504291328.00008], "epoch100": [121753907706.7218, 121215720543.01045, 120504218444.53625, 120504193404.04143, 120504179004.70126, 120504169250.30946, 120504156835.62907, 120504138340.28886, 120504135764.45378, 120504110935.09297, 120504101940.78368, 120504089779.4641, 120504077153.64964, 120504066216.90738, 120504059671.75273, 120504051015.25789, 120504044765.69086, 120504045525.77335, 120504040923.0517, 120504032984.41249, 120504027959.42276, 120504024370.14436, 120504012039.91747, 120504003172.28856, 120504005072.4948, 120503991391.01021, 120503986788.28854, 120503980412.04109, 120503973993.56685, 120503962550.10284, 120503956807.2575, 120503958369.64926, 120503949164.20593, 120503948361.89665, 120503943463.58739, 120503940043.21625, 120503939536.49461, 120503935144.90697, 120503933033.56677, 120503928050.80388, 120503931682.30904, 120503927206.26779, 120503922983.58739, 120503925179.3812, 120503925770.55646, 120503922223.50491, 120503921125.608, 120503921885.69048, 120503919098.7214, 120503920112.1647], "epoch150": [121753563262.68016, 121215386360.08223, 120503919605.44305, 120503919858.80388, 120503919098.7214, 120503919098.7214, 120503919183.17502, 120503919098.7214, 120503918845.36058, 120503918845.36058, 120503919098.7214, 120503919858.80388, 120503919098.7214, 120503919098.7214, 120503918845.36058, 120503918845.36058, 120503918845.36058, 120503918845.36058, 120503918845.36058, 120503918845.36058, 120503918845.36058, 120503918845.36058, 120503918845.36058, 120503918845.36058, 120503918845.36058, 120503918845.36058, 120503919098.7214, 120503918845.36058, 120503918845.36058, 120503918845.36058, 120503918845.36058, 120503918845.36058, 120503918845.36058, 120503918845.36058, 120503918845.36058, 120503918845.36058, 120503918845.36058, 120503918845.36058, 120503918845.36058, 120503918845.36058, 120503918845.36058, 120503918845.36058, 120503918845.36058, 120503918845.36058, 120503918845.36058, 120503918845.36058, 120503918845.36058, 120503918845.36058, 120503918845.36058, 120503918845.36058], "epoch200": [121753561995.87604, 121215385599.99976, 120503918845.36058, 120503918845.36058, 120503918845.36058, 120503918845.36058, 120503918845.36058, 120503918845.36058, 120503918845.36058, 120503918845.36058, 120503918845.36058, 120503918845.36058, 120503918845.36058, 120503918845.36058, 120503918845.36058, 120503918845.36058, 120503918845.36058, 120503918845.36058, 120503918845.36058, 120503918845.36058, 120503918845.36058, 120503918845.36058, 120503918845.36058, 120503918845.36058, 120503918845.36058, 120503918845.36058, 120503918845.36058, 120503918845.36058, 120503918845.36058, 120503918845.36058, 120503918845.36058, 120503918845.36058, 120503918845.36058, 120503918845.36058, 120503918845.36058, 120503918845.36058, 120503918845.36058, 120503918845.36058, 120503918845.36058, 120503918845.36058, 120503918845.36058, 120503918845.36058, 120503918845.36058, 120503918845.36058, 120503918845.36058, 120503918845.36058, 120503918845.36058, 120503918845.36058, 120503918845.36058, 120503918845.36058], "epoch250": [121753561995.87604, 121215385599.99976, 120503918845.36058, 120503918845.36058, 120503918845.36058, 120503918845.36058, 120503918845.36058, 120503918845.36058, 120503918845.36058, 120503918845.36058, 120503918845.36058, 120503918845.36058, 120503918845.36058, 120503918845.36058, 120503918845.36058, 120503918845.36058, 120503918845.36058, 120503918845.36058, 120503918845.36058, 120503918845.36058, 120503918845.36058, 120503918845.36058, 120503918845.36058, 120503918845.36058, 120503918845.36058, 120503918845.36058, 120503918845.36058, 120503918845.36058, 120503918845.36058, 120503918845.36058, 120503918845.36058, 120503918845.36058, 120503918845.36058, 120503918845.36058, 120503918845.36058, 120503918845.36058, 120503918845.36058, 120503918845.36058, 120503918845.36058, 120503918845.36058, 120503918845.36058, 120503918845.36058, 120503918845.36058, 120503918845.36058, 120503918845.36058, 120503918845.36058, 120503918845.36058, 120503918845.36058, 120503918845.36058, 120503918845.36058]}