{"epoch100": {"count_0": 107552, "count_0.5": 25320, "count_1": 62224, "unique": 13767, "overlap": 533, "crossing": 5971, "self_avoid": 10029, "loop4": 4115, "loop6": 3297, "loop8": 2409, "loop10": 1455, "loop12": 850, "loop14": 438, "rg2": 7.767391751420879, "rg4": 108.21098921769446, "rg6": 2060.6864653438142}, "epoch200": {"count_0": 114687, "count_0.5": 39536, "count_1": 63195, "unique": 13120, "overlap": 551, "crossing": 4005, "self_avoid": 11995, "loop4": 2165, "loop6": 2207, "loop8": 1761, "loop10": 1121, "loop12": 616, "loop14": 281, "rg2": 8.021525244893706, "rg4": 114.90756104736838, "rg6": 2210.208666563372}, "epoch300": {"count_0": 115199, "count_0.5": 47961, "count_1": 64055, "unique": 13581, "overlap": 586, "crossing": 4076, "self_avoid": 11924, "loop4": 2165, "loop6": 2247, "loop8": 1709, "loop10": 1176, "loop12": 690, "loop14": 332, "rg2": 7.989847156994297, "rg4": 113.6329114236355, "rg6": 2164.339711417131}, "epoch400": {"count_0": 115514, "count_0.5": 48765, "count_1": 63020, "unique": 13654, "overlap": 565, "crossing": 3856, "self_avoid": 12144, "loop4": 2104, "loop6": 1956, "loop8": 1612, "loop10": 1079, "loop12": 633, "loop14": 297, "rg2": 8.073418457674572, "rg4": 116.19569560818678, "rg6": 2242.220890301411}, "epoch500": {"count_0": 115801, "count_0.5": 48053, "count_1": 63151, "unique": 13866, "overlap": 620, "crossing": 3948, "self_avoid": 12052, "loop4": 1986, "loop6": 2126, "loop8": 1647, "loop10": 1176, "loop12": 684, "loop14": 293, "rg2": 8.092437328866579, "rg4": 116.56756018009686, "rg6": 2250.5901553116087}, "epoch600": {"count_0": 115035, "count_0.5": 47879, "count_1": 63588, "unique": 13851, "overlap": 611, "crossing": 3975, "self_avoid": 12025, "loop4": 2109, "loop6": 2176, "loop8": 1731, "loop10": 1111, "loop12": 679, "loop14": 316, "rg2": 8.091438409563409, "rg4": 116.44616261694387, "rg6": 2241.0966705932933}, "epoch700": {"count_0": 116020, "count_0.5": 48521, "count_1": 62575, "unique": 13872, "overlap": 659, "crossing": 3708, "self_avoid": 12292, "loop4": 1966, "loop6": 1926, "loop8": 1560, "loop10": 1080, "loop12": 667, "loop14": 318, "rg2": 8.130615313821998, "rg4": 117.68911752598393, "rg6": 2278.2453020632634}, "epoch800": {"count_0": 115503, "count_0.5": 48885, "count_1": 62974, "unique": 13836, "overlap": 618, "crossing": 3823, "self_avoid": 12177, "loop4": 1942, "loop6": 2055, "loop8": 1696, "loop10": 1097, "loop12": 662, "loop14": 287, "rg2": 8.10603301819003, "rg4": 116.51880986026583, "rg6": 2237.5893408569823}, "epoch900": {"count_0": 115879, "count_0.5": 48109, "count_1": 63144, "unique": 14073, "overlap": 653, "crossing": 3771, "self_avoid": 12229, "loop4": 1908, "loop6": 2088, "loop8": 1729, "loop10": 1111, "loop12": 619, "loop14": 289, "rg2": 8.05682700956742, "rg4": 115.46013928652881, "rg6": 2213.856756338612}, "epoch1000": {"count_0": 116742, "count_0.5": 48958, "count_1": 62511, "unique": 14133, "overlap": 651, "crossing": 3761, "self_avoid": 12239, "loop4": 1848, "loop6": 2119, "loop8": 1652, "loop10": 1081, "loop12": 631, "loop14": 305, "rg2": 8.0556073310728, "rg4": 115.46894103968998, "rg6": 2213.885294206178}, "epoch1100": {"count_0": 116273, "count_0.5": 49002, "count_1": 63150, "unique": 13870, "overlap": 637, "crossing": 3708, "self_avoid": 12292, "loop4": 1900, "loop6": 1948, "loop8": 1593, "loop10": 1074, "loop12": 650, "loop14": 297, "rg2": 8.014033517735113, "rg4": 114.3580739660291, "rg6": 2186.868869506145}, "epoch1200": {"count_0": 116787, "count_0.5": 48229, "count_1": 62926, "unique": 14008, "overlap": 676, "crossing": 3737, "self_avoid": 12263, "loop4": 1791, "loop6": 1931, "loop8": 1633, "loop10": 1076, "loop12": 722, "loop14": 263, "rg2": 8.119710332912012, "rg4": 117.21841954014522, "rg6": 2259.767730601643}, "epoch1300": {"count_0": 116166, "count_0.5": 48386, "count_1": 63253, "unique": 14056, "overlap": 611, "crossing": 3831, "self_avoid": 12169, "loop4": 1969, "loop6": 2107, "loop8": 1666, "loop10": 1086, "loop12": 671, "loop14": 321, "rg2": 8.022135523666694, "rg4": 114.47088496653093, "rg6": 2185.9154611231024}, "epoch1400": {"count_0": 116359, "count_0.5": 48729, "count_1": 63261, "unique": 13948, "overlap": 611, "crossing": 3742, "self_avoid": 12258, "loop4": 1847, "loop6": 2128, "loop8": 1690, "loop10": 1082, "loop12": 650, "loop14": 302, "rg2": 8.097113237273618, "rg4": 116.70243544414394, "rg6": 2249.637238904068}, "epoch1500": {"count_0": 116564, "count_0.5": 49284, "count_1": 63260, "unique": 14026, "overlap": 675, "crossing": 3702, "self_avoid": 12298, "loop4": 1846, "loop6": 1970, "loop8": 1605, "loop10": 991, "loop12": 689, "loop14": 305, "rg2": 8.08018643783542, "rg4": 116.22925821609236, "rg6": 2235.8824255909253}, "epoch1600": {"count_0": 116491, "count_0.5": 49817, "count_1": 63126, "unique": 14019, "overlap": 671, "crossing": 3786, "self_avoid": 12214, "loop4": 1852, "loop6": 2061, "loop8": 1692, "loop10": 1147, "loop12": 738, "loop14": 308, "rg2": 8.065517797199934, "rg4": 115.75971897163348, "rg6": 2225.1158496100247}, "epoch1700": {"count_0": 116014, "count_0.5": 49109, "count_1": 63496, "unique": 14056, "overlap": 649, "crossing": 3917, "self_avoid": 12083, "loop4": 2003, "loop6": 2186, "loop8": 1726, "loop10": 1121, "loop12": 684, "loop14": 323, "rg2": 8.044515021104031, "rg4": 115.27920678967544, "rg6": 2213.4037506485047}, "epoch1800": {"count_0": 116400, "count_0.5": 49163, "count_1": 62851, "unique": 14165, "overlap": 627, "crossing": 3735, "self_avoid": 12265, "loop4": 1890, "loop6": 2075, "loop8": 1639, "loop10": 1080, "loop12": 660, "loop14": 310, "rg2": 8.079089380350592, "rg4": 116.66752678878541, "rg6": 2264.187988503165}, "epoch1900": {"count_0": 116733, "count_0.5": 49608, "count_1": 63013, "unique": 14081, "overlap": 633, "crossing": 3744, "self_avoid": 12256, "loop4": 1919, "loop6": 2012, "loop8": 1654, "loop10": 1016, "loop12": 747, "loop14": 284, "rg2": 8.052044661798304, "rg4": 115.43890184646487, "rg6": 2217.34217291549}, "epoch2000": {"count_0": 116437, "count_0.5": 50063, "count_1": 62461, "unique": 14106, "overlap": 625, "crossing": 3706, "self_avoid": 12294, "loop4": 1893, "loop6": 2030, "loop8": 1598, "loop10": 1011, "loop12": 664, "loop14": 305, "rg2": 8.052390266593461, "rg4": 115.62748517938914, "rg6": 2225.2624739438165}}