{"epoch100": [0.19878674823644307, 0.17913895150613215, 0.32589574026710844, 0.4622651836298921, 0.5475129066678267, 0.6063786165031336, 0.6406719868292895, 0.6624565925592039, 0.6582836405090665, 0.6658368580938917, 0.6617414524488134, 0.646422648292673, 0.6532228568478314, 0.6551360024134518, 0.6593100838649, 0.663366141831479, 0.6604374488601285, 0.6545754877655089, 0.6655377404159292, 0.6745235560952553, 0.6774875517086602, 0.6798165737058204, 0.6694391900316222, 0.6728462270458644, 0.6767563664394874, 0.6716497140314875, 0.6778459725782388, 0.675746601560842, 0.6751993499753413, 0.6687093977733033, 0.6682201592666103, 0.6703290460664604, 0.6719843903008635, 0.6741152393543508, 0.6767973561421069, 0.6761900061536634, 0.6774701693326312, 0.6779420545796303, 0.6761838111578663, 0.677477671590912, 0.6747023675905162, 0.6741470263894567, 0.6717617345587982, 0.6705626157848422, 0.6699863759910357, 0.6643829648299604, 0.6619932087486066, 0.6564786696373041, 0.649249777235948, 0.639741677228751, 0.6320719211302759, 0.6245235988246204, 0.6106775355765879, 0.603488582403154, 0.5964615889217536, 0.5885715381721098, 0.5764458316290165, 0.5616774501855414, 0.5511799462311104, 0.5396536883643225, 0.529041806869495, 0.5094525820154068, 0.5010546600574727, 0.49401499243343544, 0.4878574900157614, 0.4853573185022534, 0.4836310358989577, 0.48124081593797646, 0.47719673961019893, 0.47390071899079905, 0.4758613099679924, 0.4786536613541188, 0.48667350716298197, 0.4864244273937573, 0.494822026023169, 0.49486758283641974, 0.495227722408217, 0.49965042096879414, 0.5023408617128801, 0.5049829774576681, 0.5042043973875167, 0.5045013072164467, 0.5095992953042545, 0.5108383514387228, 0.5108938151613216, 0.5120333957169059, 0.512749725023804, 0.5110297832266449, 0.5092875871359541, 0.5154181875841086, 0.510424862737241, 0.5114243839631605, 0.5104553475785438, 0.5129979226900179, 0.5085459777994836, 0.5102105280932259, 0.5094353616466301, 0.5088654915466337, 0.5042908551824068, 0.5047499375117714, 0.504708894835713, 0.5018388603806797], "epoch200": [0.49752890922681764, 0.4976994279781569, 0.4945611136648661, 0.4968672233545572, 0.49218712106842544, 0.49008674043066375, 0.4901642833676792, 0.4857561386683406, 0.4831295046964876, 0.48289765066960283, 0.4815569302767442, 0.4755512744645629, 0.47273896375428065, 0.472326250637279, 0.46723186420967566, 0.46537461556741927, 0.4626316678950857, 0.4574620049551627, 0.45368594217026065, 0.4516564401443047, 0.4469946291288143, 0.4476141625505579, 0.4477983698668077, 0.4434722487807577, 0.44322565114101786, 0.44077615657120994, 0.437568921948333, 0.43687437185088673, 0.43716721507289524, 0.43245542373346235, 0.43659971440996925, 0.43106319825819955, 0.43034641155044157, 0.4335951833697532, 0.43248099862309675, 0.42504425861341555, 0.42963479535506444, 0.4302464762459627, 0.43351588804093766, 0.4314150625406319, 0.4287262670600506, 0.4264283217584995, 0.42718495748689445, 0.42511938306529184, 0.424391645833355, 0.4210782301090565, 0.41741907162129727, 0.4157042207620336, 0.4191923133095208, 0.4176352233685498, 0.4131999952942515, 0.41580676007301265, 0.4160983939381202, 0.41304123230145123, 0.41593594468005746, 0.4109692049529547, 0.4145628861377919, 0.41596944127088903, 0.41182018827904204, 0.41420437666156407, 0.41260697793625234, 0.41217280756634506, 0.41344323929618404, 0.4134629492259697, 0.407686846564188, 0.40397202034892943, 0.4041220215732791, 0.40389310730540245, 0.40255561871144446, 0.40054046936199783, 0.4059717057992125, 0.40094586356978923, 0.4023642951951311, 0.40259259062654856, 0.3986876586361616, 0.3990687293088649, 0.39808582604083853, 0.39537953316708013, 0.3919851357674663, 0.39687545551820763, 0.39412123326907644, 0.3947667793925769, 0.3920772507443762, 0.38904584277316423, 0.3875926909849168, 0.38773636931501076, 0.38625675927647574, 0.37988750015378314, 0.3827867162654469, 0.3814068813534346, 0.3781960307027374, 0.37858999671076254, 0.37633010234369324, 0.3755584307719982, 0.37165907833277445, 0.3725817123489917, 0.365008558611126, 0.36838757458245347, 0.36643180346397475, 0.3621342383001162, 0.3593857134013526, 0.35599116502744127], "epoch300": [0.3582640380963031, 0.3524005818931041, 0.3491729281823652, 0.34818224967135747, 0.34944244868615076, 0.3465462532990122, 0.34314369173992043, 0.34484317067943887, 0.34022607545718503, 0.33517467060967154, 0.3395086467609074, 0.33807893888191193, 0.33678746869420756, 0.332408221576677, 0.3284192996485459, 0.3286174652369124, 0.32316197761717935, 0.31768973663335, 0.3150669397867245, 0.32241206640935055, 0.31914309699974397, 0.31964972243665746, 0.31672576313738315, 0.318288491738727, 0.3177644141837762, 0.31562903357664984, 0.3120656235100672, 0.31250233820560935, 0.30887768510967223, 0.31238454161092744, 0.3122400147911837, 0.3095287752273446, 0.30706307806474753, 0.3063616035958691, 0.30759769135042847, 0.3050257683067064, 0.3037940854268614, 0.3027557755637046, 0.30350492119103134, 0.29999947267801275, 0.29866771131296604, 0.30048716878113485, 0.29694526819774264, 0.29424918170475245, 0.2919267625988597, 0.29518511094857963, 0.2918765642072846, 0.29223807419047654, 0.29178686681991933, 0.292914308016867, 0.29262483409603557, 0.29044066668700075, 0.2874435023654756, 0.2914595532676448, 0.28759257844113323, 0.28480593208461774, 0.28706129346890835, 0.2868440254493748, 0.2856428083937491, 0.28412486993900615, 0.28471928926380075, 0.2824256368686479, 0.27534696854212726, 0.27351572890492043, 0.27505745369074003, 0.2732229045475534, 0.275619434483368, 0.2738751094702565, 0.2753609763386916, 0.27199056426353785, 0.27110921989773856, 0.2730164000445319, 0.27070455521802467, 0.27078908819066916, 0.27019365998866296, 0.27202072529994026, 0.27192345459747835, 0.27041491984253935, 0.26850670090188117, 0.26974046941074875, 0.2691807086243657, 0.2639084674437026, 0.26663783053531664, 0.26827243187695826, 0.26614437130329877, 0.2606616750969302, 0.2618717442997887, 0.2585388347697075, 0.2571094340985388, 0.2582594535082507, 0.2640630540145023, 0.26164860215485825, 0.26201899685060914, 0.2626753202294146, 0.2610467925972643, 0.26126495666821004, 0.25946853569020395, 0.2598275504720484, 0.25874449529916105, 0.2594818022397471, 0.26020172297421007, 0.257318395101811],