{"epoch300": [6.887124287197955, 6.833804704953947, 6.755928620048195, 6.796564139978349, 6.778826820271084, 6.350997367478393, 6.318282988979993, 6.32832335694061, 6.312598669925305, 6.240946768494821, 6.243984335828623, 6.356740292990608, 6.2327420333462324, 6.35238091110268, 6.349833045164336, 6.379547770370911, 6.216961078936479, 6.355576618248246, 6.384518125782839, 6.2537226573280655, 6.243021639411714, 6.373070202825018, 6.273047801478745, 6.26237385718109, 6.308557126833045, 6.216785858354293, 6.29429261458804, 6.209159974246999, 6.357580453843403, 6.2736305159985815, 6.339950166394949, 6.215172448121681, 6.312470636099493, 6.328241987301571, 6.241297507834866, 6.343995687601811, 6.317666497681755, 6.315431997294316, 6.236552256757338, 6.342055490864518, 6.298175462981314, 6.34184468066906, 6.307545646682108, 6.3130561366410545, 6.27552460221683, 6.2694309190716, 6.296951355531696, 6.304172968925417, 6.278510568696829, 6.276128705505213, 6.28941247042487, 6.352216769362341, 6.256475041284591, 6.359939361167381, 6.257271392266155, 6.287027632184041, 6.275925736293156, 6.348171806701311, 6.3025359083014765, 6.362131320607023, 6.231557944241691, 6.327498604879344, 6.313544259961613, 6.350149349178499, 6.286008323245041, 6.361077558049156, 6.356282954935537, 6.294339189139162, 6.289135770114794, 6.293897433049225, 6.380243148950064, 6.2294745823306465, 6.371110766744981, 6.286410237822076, 6.3290834920790475, 6.306452527985239, 6.368276723510476, 6.345187121340081, 6.279319563180287, 6.289232149758311, 6.308930511669741, 6.349587144754113, 6.399216037272186, 6.295638151485899, 6.349177882494519, 6.352083012271098, 6.345847896907641, 6.408901137159302, 6.286227698826119, 6.329521268834856, 6.355299057558063, 6.279328110272927, 6.372259000987958, 6.316000146329241, 6.322116209113083, 6.307961549295502, 6.381678645873009, 6.461521275513009, 6.207884081794177, 6.438865768939948, 6.390942368665926, 6.313449282780325], "epoch400": [6.445280925087312, 6.379602307858674, 6.400661106914503, 6.359251752228991, 6.397002471377477, 6.3923196999922975, 6.3247316901946, 6.4231557004591915, 6.374598821410732, 6.415946768982637, 6.434552087198442, 6.362944648698771, 6.33149664542254, 6.44284972571351, 6.327915550192908, 6.365613612372557, 6.40447102300346, 6.4494361535972295, 6.418576245417682, 6.405922838489111, 6.4751363300606455, 6.313983924553528, 6.458636505219637, 6.409105182608669, 6.497913424621153, 6.4140166870468445, 6.4596085749623775, 6.444954267853049, 6.293260796905483, 6.050711514699799, 6.007155534861343, 6.0429501466434, 5.9936817405778715, 6.0601646577000885, 5.998233457965308, 5.926632882993853, 5.9621023528106365, 5.954486680457658, 5.925156315269377, 5.893051581614468, 5.9779783776958855, 5.911192628733643, 5.902317787375298, 5.951901224263186, 5.9286151968914504, 5.986576585208667, 5.968454221935222, 5.960296089387, 5.981780622926212, 5.980530459557647, 5.865328710707243, 5.949678004550201, 5.962362112596512, 5.98595128644762, 5.907848563035737, 5.98345642077648, 5.9659810730868275, 5.872489281627526, 5.933754386194531, 5.928295696482944, 5.912979653424316, 5.922054749925435, 5.965175476830331, 5.925233817161501, 5.954061968552185, 5.921000216623104, 5.957210167594581, 5.968535531817193, 5.888758366675024, 5.937747083356622, 5.919599044658338, 5.838666586010054, 5.996840814800221, 5.946641001859893, 5.953694545399512, 5.930504875109936, 5.98205778604883, 5.927355418729668, 6.004806308795112, 5.937986025115105, 5.9878038073439805, 5.9846330170741195, 5.94707833531567, 5.9768255317912375, 5.974936366386115, 5.988645642004963, 5.946863696398331, 5.998051109826169, 5.958283485354052, 5.98479232885648, 5.961621308875504, 6.013523600595379, 6.043685441736678, 5.960251309987527, 5.99021969731812, 6.012714268911229, 5.989742437591944, 5.99154267408659, 5.950125613176006, 5.959726940945284, 6.022494981965748, 5.9636351452459175], "epoch500": [5.9841025570774296, 5.914277985272808, 5.979737670830141, 6.02620285734191, 6.013313446508337, 5.990692321601728, 5.968374323052207, 6.04574865758266, 5.985108826166536, 6.000732301751052, 6.039823743083591, 5.999617215617539, 6.018070066066653, 5.944480734408055, 6.007144581631328, 6.037912552314031, 6.012249647199037, 6.0184751099637674, 5.966063053711607, 6.060329201886117, 5.974914948348806, 6.024702677641374, 6.006280299037918, 6.023313028428257, 6.025911240321601, 6.03599393642162, 6.0518640965756845, 5.953013126197682, 6.118998692163722, 5.998261214522141, 5.985499200918481, 5.994469935936698, 6.0392242782866035, 6.041569519530784, 5.9956660520695095, 5.986527387443402, 5.984880822393905, 6.070121703550331, 6.0452212659294355, 5.983048048165746, 6.060864374765649, 6.040269866318966, 6.01897476213362, 6.062227036946869, 6.051648659474398, 6.0555010433392145, 6.036481433512304, 6.057629515142999, 6.032089414498989, 5.988920398380443, 6.112604610755316, 6.020287632637316, 6.031294458052694, 6.039958200186406, 6.12276242761051, 6.035803442415982, 6.0288194341732675, 6.187256692315611, 6.102564022669102, 6.006828573963528, 6.136618381875857, 6.055934179774327, 6.06259869004759, 6.077871648246979, 6.106156647357791, 5.988310667559922, 6.007635276335894, 6.118512298140073, 6.055399048968657, 6.01216220489854, 6.069686656717753, 6.149179178125723, 6.103799533965949, 6.109673099444654, 6.064167780034685, 6.0855744397243905, 6.074328967677362, 6.033105433139654, 6.117859326360166, 6.059579791925141, 6.085447002859675, 6.018257251480963, 6.062537478059148, 6.040451910184777, 6.032664465477401, 6.126055258924085, 6.083170984712091, 6.095868596030618, 6.048159688330061, 6.039290687922016, 6.122727727036333, 6.069510459290134, 6.005528345742185, 6.1036813545714885, 6.0749672556777075, 5.992534392325163, 6.056054056148094, 6.046311696167186, 6.090391596259966, 6.028459395289119, 6.151910189777383, 6.087292413882291], "epoch600": [6.104302820342281, 6.06019463136678, 6.137291497281747, 6.078885199773652, 6.123713373832993, 6.142773189812978, 6.050985258863408, 6.109862028180487, 6.089182292713839, 6.100706241319861, 6.104578269412146, 6.10105675199758, 6.208138911010671, 6.117608967339592, 6.181488288942811, 6.003231308954147, 6.170419894216006, 6.10520099861848, 6.093962051679409, 6.115551152192726, 6.180240814033379, 6.070709933405336, 6.11905232353894, 6.102893358606208, 6.155024560211251, 6.10573385804511, 6.198120764149428, 6.109120075659986, 6.088390202778384, 6.1155378385577945, 6.09458548394615, 6.176200458155871, 6.1176921278619405, 6.06938811153402, 6.083656262253851, 6.089013378333564, 6.158680153624791, 6.108989078980271, 6.120326867798712, 6.07623901147672, 6.114318705580737, 6.1290709002853365, 6.125170912584072, 6.197083671989337, 6.1214330001255375, 6.117278803340004, 6.162854280008377, 6.097220572059412, 6.039886743516264, 6.132426832643009, 6.11627875264648, 6.137872362380755, 6.073377548276308, 6.146860504394299, 6.120749195518393, 6.219608640426867, 6.060837852985352, 6.123229585340263, 6.07836103988121, 6.095181868204373, 6.144644594558362, 6.134623750091511, 6.157834153650977, 6.099713279768022, 6.097670130107708, 6.046186758124315, 6.097566129606396, 6.212813103595355, 6.144551796681437, 6.104738999510673, 6.156118718559476, 6.113682195658576, 6.059835631524209, 6.169073452425122, 6.183601174513099, 6.0636546416660755, 6.1637320756302385, 6.114219053322084, 6.192105067050672, 6.11160812597445, 6.145332451671592, 6.098261657578251, 6.1504107722845855, 6.107697780174976, 6.105062102417813, 6.077553794816929, 6.142322599430521, 6.106426133524115, 6.194966440005683, 5.925916136987981, 5.898682522346915, 5.916924432720368, 5.922264927183576, 5.911850238395162, 5.921278551106566, 5.9611371929383346, 5.970838949198619, 5.99812628180169, 5.907804234863244, 5.949763610234951, 5.966210604323755, 5.947212828394702],