{"epoch100": {"count_0": 89180, "count_0.5": 7417, "count_1": 78325, "unique": 7582, "overlap": 150, "crossing": 11632, "self_avoid": 4368, "loop4": 6187, "loop6": 3882, "loop8": 2341, "loop10": 1538, "loop12": 801, "loop14": 311, "rg2": 3.7781825921474357, "rg4": 47.03134061652662, "rg6": 803.8350026182858}, "epoch200": {"count_0": 104521, "count_0.5": 6702, "count_1": 72674, "unique": 9069, "overlap": 182, "crossing": 11600, "self_avoid": 4400, "loop4": 6024, "loop6": 4769, "loop8": 3212, "loop10": 2067, "loop12": 1059, "loop14": 439, "rg2": 4.557473366477272, "rg4": 56.491938268488106, "rg6": 962.6226562329856}, "epoch300": {"count_0": 108170, "count_0.5": 5855, "count_1": 70030, "unique": 8536, "overlap": 231, "crossing": 8333, "self_avoid": 7667, "loop4": 3037, "loop6": 2841, "loop8": 2184, "loop10": 1543, "loop12": 743, "loop14": 329, "rg2": 3.6669747375114126, "rg4": 46.33335048346658, "rg6": 798.7193148064928}, "epoch400": {"count_0": 101114, "count_0.5": 7038, "count_1": 68557, "unique": 9538, "overlap": 206, "crossing": 11425, "self_avoid": 4575, "loop4": 6293, "loop6": 4366, "loop8": 2836, "loop10": 1752, "loop12": 916, "loop14": 417, "rg2": 5.029607240437159, "rg4": 62.88079968728654, "rg6": 1073.4081576123265}, "epoch500": {"count_0": 98160, "count_0.5": 7159, "count_1": 67030, "unique": 10191, "overlap": 226, "crossing": 11264, "self_avoid": 4736, "loop4": 5027, "loop6": 5548, "loop8": 2795, "loop10": 1667, "loop12": 956, "loop14": 464, "rg2": 5.283594079919763, "rg4": 65.13246630333565, "rg6": 1101.019162722838}, "epoch600": {"count_0": 109458, "count_0.5": 6587, "count_1": 61447, "unique": 9873, "overlap": 271, "crossing": 10055, "self_avoid": 5945, "loop4": 3891, "loop6": 3949, "loop8": 2788, "loop10": 1606, "loop12": 849, "loop14": 368, "rg2": 5.097174621530698, "rg4": 65.50715046618745, "rg6": 1153.6780021924146}, "epoch700": {"count_0": 111726, "count_0.5": 6772, "count_1": 58709, "unique": 10454, "overlap": 314, "crossing": 9365, "self_avoid": 6635, "loop4": 3577, "loop6": 4526, "loop8": 2804, "loop10": 1590, "loop12": 954, "loop14": 376, "rg2": 5.004706339487566, "rg4": 65.98393386346376, "rg6": 1203.859965650462}, "epoch800": {"count_0": 96721, "count_0.5": 7073, "count_1": 70248, "unique": 10096, "overlap": 218, "crossing": 10859, "self_avoid": 5141, "loop4": 6028, "loop6": 4284, "loop8": 2627, "loop10": 1580, "loop12": 797, "loop14": 369, "rg2": 4.998153630130325, "rg4": 62.256435593889044, "rg6": 1049.115670720141}, "epoch900": {"count_0": 113929, "count_0.5": 6109, "count_1": 61478, "unique": 10605, "overlap": 286, "crossing": 8860, "self_avoid": 7140, "loop4": 3669, "loop6": 3576, "loop8": 2420, "loop10": 1340, "loop12": 726, "loop14": 322, "rg2": 5.1190202643557425, "rg4": 67.09918919838444, "rg6": 1204.1636620129523}, "epoch1000": {"count_0": 108316, "count_0.5": 6744, "count_1": 60678, "unique": 11745, "overlap": 320, "crossing": 8990, "self_avoid": 7010, "loop4": 5650, "loop6": 4202, "loop8": 2088, "loop10": 1442, "loop12": 800, "loop14": 384, "rg2": 5.700163828459344, "rg4": 78.55493401760042, "rg6": 1485.4783783848038}, "epoch1100": {"count_0": 79974, "count_0.5": 8159, "count_1": 77152, "unique": 13099, "overlap": 233, "crossing": 11565, "self_avoid": 4435, "loop4": 11605, "loop6": 6466, "loop8": 4590, "loop10": 2685, "loop12": 1513, "loop14": 674, "rg2": 5.668869785794814, "rg4": 65.33090253311725, "rg6": 1018.217157666659}, "epoch1200": {"count_0": 96210, "count_0.5": 7291, "count_1": 67320, "unique": 12537, "overlap": 283, "crossing": 9999, "self_avoid": 6001, "loop4": 7874, "loop6": 4904, "loop8": 2983, "loop10": 1866, "loop12": 1078, "loop14": 501, "rg2": 6.003321061073154, "rg4": 79.08518366852594, "rg6": 1425.0356078130408}, "epoch1300": {"count_0": 94610, "count_0.5": 7218, "count_1": 69032, "unique": 14419, "overlap": 319, "crossing": 9958, "self_avoid": 6042, "loop4": 8251, "loop6": 6365, "loop8": 4370, "loop10": 2507, "loop12": 1390, "loop14": 610, "rg2": 6.374903022591857, "rg4": 80.10087310174805, "rg6": 1388.3711196495499}, "epoch1400": {"count_0": 93972, "count_0.5": 7337, "count_1": 68924, "unique": 14776, "overlap": 280, "crossing": 10801, "self_avoid": 5199, "loop4": 8898, "loop6": 7142, "loop8": 4151, "loop10": 2571, "loop12": 1473, "loop14": 669, "rg2": 6.690574509521062, "rg4": 83.69845488897354, "rg6": 1450.9303353244145}, "epoch1500": {"count_0": 98649, "count_0.5": 11587, "count_1": 62179, "unique": 15097, "overlap": 373, "crossing": 8612, "self_avoid": 7388, "loop4": 6187, "loop6": 5051, "loop8": 3509, "loop10": 2147, "loop12": 1170, "loop14": 539, "rg2": 6.874885794531673, "rg4": 88.54156312390025, "rg6": 1560.2392349181205}, "epoch1600": {"count_0": 99103, "count_0.5": 14218, "count_1": 67461, "unique": 15247, "overlap": 379, "crossing": 8826, "self_avoid": 7174, "loop4": 6816, "loop6": 5282, "loop8": 3393, "loop10": 2128, "loop12": 1172, "loop14": 549, "rg2": 7.030130505993867, "rg4": 91.35516825352401, "rg6": 1612.8315074950963}, "epoch1700": {"count_0": 105330, "count_0.5": 14354, "count_1": 69596, "unique": 14847, "overlap": 436, "crossing": 8356, "self_avoid": 7644, "loop4": 5991, "loop6": 4891, "loop8": 3327, "loop10": 1946, "loop12": 1234, "loop14": 562, "rg2": 6.908065149136577, "rg4": 93.15514857253748, "rg6": 1730.553613829276}}