{"epoch100": {"count_0": 98948, "count_0.5": 7907, "count_1": 62796, "unique": 14988, "overlap": 389, "crossing": 9418, "self_avoid": 6582, "loop4": 6752, "loop6": 5376, "loop8": 4103, "loop10": 2306, "loop12": 1309, "loop14": 569, "rg2": 6.889868913324218, "rg4": 89.5397836736762, "rg6": 1604.995467222849}, "epoch200": {"count_0": 106108, "count_0.5": 30953, "count_1": 61718, "unique": 14121, "overlap": 550, "crossing": 5660, "self_avoid": 10340, "loop4": 3516, "loop6": 2705, "loop8": 2297, "loop10": 1388, "loop12": 726, "loop14": 365, "rg2": 6.67327354327853, "rg4": 91.69100628083633, "rg6": 1709.2711594896575}, "epoch300": {"count_0": 105587, "count_0.5": 41432, "count_1": 64061, "unique": 14054, "overlap": 538, "crossing": 5509, "self_avoid": 10491, "loop4": 3243, "loop6": 2757, "loop8": 2213, "loop10": 1332, "loop12": 753, "loop14": 367, "rg2": 6.735839052521209, "rg4": 92.6862146720999, "rg6": 1720.778568296366}, "epoch400": {"count_0": 105951, "count_0.5": 39310, "count_1": 64140, "unique": 14024, "overlap": 556, "crossing": 5311, "self_avoid": 10689, "loop4": 3231, "loop6": 2425, "loop8": 2103, "loop10": 1328, "loop12": 772, "loop14": 357, "rg2": 6.681666754373655, "rg4": 91.98471721142757, "rg6": 1713.9337427498572}, "epoch500": {"count_0": 106051, "count_0.5": 38372, "count_1": 64025, "unique": 13916, "overlap": 585, "crossing": 5297, "self_avoid": 10703, "loop4": 3282, "loop6": 2383, "loop8": 2035, "loop10": 1305, "loop12": 712, "loop14": 342, "rg2": 6.61981234817341, "rg4": 91.17351479447022, "rg6": 1700.1514541829933}, "epoch600": {"count_0": 105935, "count_0.5": 37790, "count_1": 63680, "unique": 13915, "overlap": 561, "crossing": 5281, "self_avoid": 10719, "loop4": 3165, "loop6": 2481, "loop8": 1992, "loop10": 1250, "loop12": 724, "loop14": 319, "rg2": 6.680471738268495, "rg4": 92.87796021361929, "rg6": 1741.2956969828979}, "epoch700": {"count_0": 106949, "count_0.5": 42202, "count_1": 63666, "unique": 13984, "overlap": 597, "crossing": 5071, "self_avoid": 10929, "loop4": 3125, "loop6": 2286, "loop8": 1950, "loop10": 1169, "loop12": 743, "loop14": 314, "rg2": 6.673714286531247, "rg4": 92.18324062400816, "rg6": 1720.4635372135251}, "epoch800": {"count_0": 105958, "count_0.5": 39527, "count_1": 63673, "unique": 13979, "overlap": 611, "crossing": 5140, "self_avoid": 10860, "loop4": 3154, "loop6": 2321, "loop8": 1953, "loop10": 1248, "loop12": 752, "loop14": 313, "rg2": 6.727493381675875, "rg4": 93.62540855337463, "rg6": 1761.4895697287213}, "epoch900": {"count_0": 105428, "count_0.5": 42705, "count_1": 64188, "unique": 13991, "overlap": 556, "crossing": 5133, "self_avoid": 10867, "loop4": 3312, "loop6": 2297, "loop8": 1921, "loop10": 1332, "loop12": 756, "loop14": 336, "rg2": 6.651517351845035, "rg4": 91.8930192664629, "rg6": 1715.9425911217986}, "epoch1000": {"count_0": 105427, "count_0.5": 43987, "count_1": 64179, "unique": 14117, "overlap": 546, "crossing": 5093, "self_avoid": 10907, "loop4": 3115, "loop6": 2355, "loop8": 1862, "loop10": 1255, "loop12": 699, "loop14": 329, "rg2": 6.787235261758504, "rg4": 93.94789455515595, "rg6": 1752.992201792174}, "epoch1100": {"count_0": 106237, "count_0.5": 40488, "count_1": 64182, "unique": 14019, "overlap": 572, "crossing": 5021, "self_avoid": 10979, "loop4": 3025, "loop6": 2515, "loop8": 1824, "loop10": 1230, "loop12": 685, "loop14": 333, "rg2": 6.6736987942890975, "rg4": 92.2971438181966, "rg6": 1722.8319614312504}, "epoch1200": {"count_0": 105593, "count_0.5": 41943, "count_1": 63947, "unique": 14063, "overlap": 591, "crossing": 5032, "self_avoid": 10968, "loop4": 3113, "loop6": 2318, "loop8": 1931, "loop10": 1251, "loop12": 751, "loop14": 319, "rg2": 6.661620025300875, "rg4": 91.61524141452158, "rg6": 1701.7603764775286}, "epoch1300": {"count_0": 105029, "count_0.5": 41013, "count_1": 64601, "unique": 14000, "overlap": 581, "crossing": 4932, "self_avoid": 11068, "loop4": 2974, "loop6": 2344, "loop8": 1926, "loop10": 1241, "loop12": 693, "loop14": 341, "rg2": 6.628976836375135, "rg4": 91.06280319053946, "rg6": 1688.1834091824833}, "epoch1400": {"count_0": 106452, "count_0.5": 43141, "count_1": 64004, "unique": 14117, "overlap": 597, "crossing": 4862, "self_avoid": 11138, "loop4": 3009, "loop6": 2382, "loop8": 1783, "loop10": 1217, "loop12": 670, "loop14": 342, "rg2": 6.7464227195187645, "rg4": 93.66930581337888, "rg6": 1755.1216392088115}, "epoch1500": {"count_0": 106787, "count_0.5": 44322, "count_1": 63994, "unique": 13921, "overlap": 623, "crossing": 4824, "self_avoid": 11176, "loop4": 2944, "loop6": 2374, "loop8": 1658, "loop10": 1281, "loop12": 676, "loop14": 349, "rg2": 6.5892383791159626, "rg4": 91.06187351584519, "rg6": 1706.5470532122558}, "epoch1600": {"count_0": 106811, "count_0.5": 44608, "count_1": 64097, "unique": 13919, "overlap": 595, "crossing": 4888, "self_avoid": 11112, "loop4": 2923, "loop6": 2367, "loop8": 1818, "loop10": 1297, "loop12": 702, "loop14": 342, "rg2": 6.5950738784647225, "rg4": 90.6188126599042, "rg6": 1679.0375683201655}, "epoch1700": {"count_0": 106537, "count_0.5": 44600, "count_1": 63968, "unique": 13928, "overlap": 582, "crossing": 4902, "self_avoid": 11098, "loop4": 3001, "loop6": 2388, "loop8": 1727, "loop10": 1261, "loop12": 695, "loop14": 312, "rg2": 6.626654295819066, "rg4": 91.68762910986918, "rg6": 1716.0454563842763}, "epoch1800": {"count_0": 106838, "count_0.5": 47238, "count_1": 64119, "unique": 14016, "overlap": 587, "crossing": 4867, "self_avoid": 11133, "loop4": 3068, "loop6": 2324, "loop8": 1752, "loop10": 1264, "loop12": 720, "loop14": 304, "rg2": 6.647447341237761, "rg4": 91.29733161511666, "rg6": 1694.510077261747}, "epoch1900": {"count_0": 106974, "count_0.5": 44888, "count_1": 63964, "unique": 14000, "overlap": 600, "crossing": 4715, "self_avoid": 11285, "loop4": 2905, "loop6": 2320, "loop8": 1686, "loop10": 1219, "loop12": 731, "loop14": 336, "rg2": 6.6756590607000446, "rg4": 92.26777037627727, "rg6": 1716.8558292428636}, "epoch2000": {"count_0": 106630, "count_0.5": 44819, "count_1": 64087, "unique": 14008, "overlap": 576, "crossing": 4895, "self_avoid": 11105, "loop4": 2959, "loop6": 2448, "loop8": 1887, "loop10": 1199, "loop12": 768, "loop14": 344, "rg2": 6.64567269810896, "rg4": 91.6767831114486, "rg6": 1711.415610389632}}