{"epoch3700": {"count_0": 116626, "count_0.5": 43818, "count_1": 63700, "unique": 15324, "overlap": 694, "crossing": 3712, "self_avoid": 12288, "loop4": 1506, "loop6": 1970, "loop8": 1532, "loop10": 1067, "loop12": 600, "loop14": 293, "rg2": 8.009122848510742, "rg4": 113.73453048368295, "rg6": 2188.292453179485}}