{"epoch100": {"count_0": 110551, "count_0.5": 7877, "count_1": 50777, "unique": 10033, "overlap": 294, "crossing": 8138, "self_avoid": 7862, "loop4": 4373, "loop6": 3465, "loop8": 2776, "loop10": 1611, "loop12": 908, "loop14": 394, "rg2": 4.624821133299415, "rg4": 64.7467530570058, "rg6": 1246.003118562201}, "epoch200": {"count_0": 117584, "count_0.5": 5680, "count_1": 61777, "unique": 11453, "overlap": 339, "crossing": 7301, "self_avoid": 8699, "loop4": 4206, "loop6": 2715, "loop8": 1782, "loop10": 1281, "loop12": 792, "loop14": 343, "rg2": 5.729462438211288, "rg4": 82.1503349854105, "rg6": 1581.7799836912022}, "epoch300": {"count_0": 94447, "count_0.5": 7012, "count_1": 71404, "unique": 14766, "overlap": 320, "crossing": 10602, "self_avoid": 5398, "loop4": 8079, "loop6": 7282, "loop8": 4551, "loop10": 2941, "loop12": 1615, "loop14": 698, "rg2": 6.532930309836977, "rg4": 79.27211628900099, "rg6": 1318.6449042978707}, "epoch400": {"count_0": 110016, "count_0.5": 8066, "count_1": 59573, "unique": 15521, "overlap": 429, "crossing": 8164, "self_avoid": 7836, "loop4": 4973, "loop6": 4973, "loop8": 3560, "loop10": 2321, "loop12": 1240, "loop14": 543, "rg2": 7.476199591628382, "rg4": 103.91631486550955, "rg6": 2003.059101065426}, "epoch500": {"count_0": 107751, "count_0.5": 10544, "count_1": 59955, "unique": 15645, "overlap": 490, "crossing": 7213, "self_avoid": 8787, "loop4": 4592, "loop6": 4030, "loop8": 2893, "loop10": 1873, "loop12": 1083, "loop14": 451, "rg2": 7.538153842323887, "rg4": 103.08573120853471, "rg6": 1920.301783665952}, "epoch600": {"count_0": 110036, "count_0.5": 18342, "count_1": 59067, "unique": 15648, "overlap": 540, "crossing": 6553, "self_avoid": 9447, "loop4": 4071, "loop6": 3531, "loop8": 2466, "loop10": 1648, "loop12": 935, "loop14": 450, "rg2": 7.694182015454642, "rg4": 107.09457249831709, "rg6": 2022.4514110742252}, "epoch700": {"count_0": 113304, "count_0.5": 26752, "count_1": 58865, "unique": 15480, "overlap": 638, "crossing": 5540, "self_avoid": 10460, "loop4": 3306, "loop6": 2842, "loop8": 2021, "loop10": 1313, "loop12": 697, "loop14": 356, "rg2": 7.670431255975143, "rg4": 108.54672892991717, "rg6": 2080.2314826911083}, "epoch800": {"count_0": 112791, "count_0.5": 29856, "count_1": 61286, "unique": 15493, "overlap": 658, "crossing": 5217, "self_avoid": 10783, "loop4": 3063, "loop6": 2527, "loop8": 1871, "loop10": 1277, "loop12": 705, "loop14": 361, "rg2": 7.611436984141704, "rg4": 106.5382754561035, "rg6": 2024.8758945793209}, "epoch900": {"count_0": 112754, "count_0.5": 33903, "count_1": 62183, "unique": 15505, "overlap": 624, "crossing": 5075, "self_avoid": 10925, "loop4": 2929, "loop6": 2536, "loop8": 1881, "loop10": 1220, "loop12": 708, "loop14": 311, "rg2": 7.595715818077803, "rg4": 105.68727553029355, "rg6": 1987.7479818625636}, "epoch1000": {"count_0": 112690, "count_0.5": 35013, "count_1": 63446, "unique": 15494, "overlap": 646, "crossing": 5013, "self_avoid": 10987, "loop4": 2808, "loop6": 2441, "loop8": 1788, "loop10": 1311, "loop12": 712, "loop14": 315, "rg2": 7.564764039319195, "rg4": 104.77151388430646, "rg6": 1961.6027943309166}, "epoch1100": {"count_0": 114862, "count_0.5": 35249, "count_1": 60621, "unique": 15476, "overlap": 682, "crossing": 4812, "self_avoid": 11188, "loop4": 2469, "loop6": 2384, "loop8": 1770, "loop10": 1254, "loop12": 678, "loop14": 340, "rg2": 7.591102771943153, "rg4": 106.13093969503981, "rg6": 2014.4378603951693}, "epoch1200": {"count_0": 113830, "count_0.5": 32625, "count_1": 63194, "unique": 15480, "overlap": 656, "crossing": 4908, "self_avoid": 11092, "loop4": 2640, "loop6": 2442, "loop8": 1804, "loop10": 1139, "loop12": 673, "loop14": 343, "rg2": 7.579637210376848, "rg4": 105.33285409657051, "rg6": 1982.3106433924381}, "epoch1300": {"count_0": 115454, "count_0.5": 36508, "count_1": 63786, "unique": 15389, "overlap": 649, "crossing": 5030, "self_avoid": 10970, "loop4": 2645, "loop6": 2382, "loop8": 1803, "loop10": 1173, "loop12": 687, "loop14": 317, "rg2": 7.501353122151322, "rg4": 104.53769164037574, "rg6": 1983.6605457877938}, "epoch1400": {"count_0": 113861, "count_0.5": 36123, "count_1": 64518, "unique": 15492, "overlap": 649, "crossing": 4745, "self_avoid": 11255, "loop4": 2718, "loop6": 2255, "loop8": 1722, "loop10": 1091, "loop12": 579, "loop14": 266, "rg2": 7.628456102843181, "rg4": 106.10146522877852, "rg6": 1989.2515566383559}, "epoch1500": {"count_0": 112241, "count_0.5": 35967, "count_1": 67365, "unique": 15389, "overlap": 714, "crossing": 4734, "self_avoid": 11266, "loop4": 2650, "loop6": 2280, "loop8": 1710, "loop10": 1119, "loop12": 708, "loop14": 287, "rg2": 7.490252751642109, "rg4": 103.77532753113974, "rg6": 1941.2544174953653}, "epoch1600": {"count_0": 115229, "count_0.5": 39649, "count_1": 63572, "unique": 15410, "overlap": 633, "crossing": 4424, "self_avoid": 11576, "loop4": 2207, "loop6": 2228, "loop8": 1817, "loop10": 1117, "loop12": 715, "loop14": 308, "rg2": 7.526631068590187, "rg4": 105.13781813151604, "rg6": 1992.6505974593786}, "epoch1700": {"count_0": 116186, "count_0.5": 41010, "count_1": 64174, "unique": 15325, "overlap": 656, "crossing": 4241, "self_avoid": 11759, "loop4": 2127, "loop6": 2154, "loop8": 1606, "loop10": 1067, "loop12": 701, "loop14": 301, "rg2": 7.481443734586274, "rg4": 104.14831910456552, "rg6": 1961.3626996917135}}