{"epoch3300": [0.24221652046875, 0.24015846736062213, 0.24304354991144508, 0.24203652059635553, 0.2417679697446658, 0.24286477599302508, 0.24312351171470364, 0.24417860638302633, 0.2423028769471762, 0.24260955888901817, 0.24231620687429273, 0.24275909661484524, 0.24209035864419037, 0.2425685050085072, 0.2427973967340902, 0.2433550033499214, 0.24412094592057235, 0.24228603874935828, 0.24264201986820202, 0.24141907133638393, 0.24264171509943935, 0.24357620152213696, 0.24077078353261075, 0.24090009009289334, 0.24425349718012165, 0.24308666348686, 0.2425560034487559, 0.24311467258216837, 0.24181902267591418, 0.24460525298133837, 0.24190041298985185, 0.24264882960359163, 0.2410739623295984, 0.24422765906204638, 0.24256543323511973, 0.24148624518033493, 0.24313005269564614, 0.24162988888714299, 0.24095079765828983, 0.23978309891641608, 0.24123240460443968, 0.24251036332620063, 0.24278049889351694, 0.24222191867163712, 0.2439511555730535, 0.24289030236813716, 0.24298626960009878, 0.24375538446028241, 0.24237016032037798, 0.24360497236785353, 0.2431233735073858, 0.24250548435827687, 0.24423608444916903, 0.24412683393720455, 0.24205732236966437, 0.24119376652228575, 0.2424227020815201, 0.24171580103657145, 0.24250830751855634, 0.24309390825231386, 0.24381421811287968, 0.24361196179371702, 0.24156614951313024, 0.24243958719322434, 0.2418156155501792, 0.24158467365728925, 0.24183645974034845, 0.24273875081325716, 0.24022561483218569, 0.2419923787455426, 0.24174556591550428, 0.24428722159484453, 0.24090477210633884, 0.2437528099893303, 0.23970555790397519, 0.2424585818482179, 0.24187907919554438, 0.2424385880151066, 0.24330958119972257, 0.24198458002656326, 0.24169713350208222, 0.24341381028713774, 0.24208887350147648, 0.24417815414612232, 0.2424232036142093, 0.24382351662801655, 0.2430296872963988, 0.24248387510209476, 0.24338343202153112, 0.24227107144758858, 0.2430289175428087, 0.2429298063182767, 0.24282393272956596, 0.24374520115535264, 0.24258149241852323, 0.24196125041036043, 0.24245524202542537, 0.24229817942280296, 0.24228701618550075, 0.24345681463818422, 0.24235218521350493, 0.241915177887358], "epoch3400": [0.24507254971872516, 0.24262229236952798, 0.24288414597816213, 0.24100088322406507, 0.24222738564471746, 0.24178461698086354, 0.2424504238626233, 0.24273666417431042, 0.2421455053645938, 0.241123738896359, 0.2427139601972707, 0.24238615500195262, 0.24169339329156742, 0.2403678634130132, 0.2425338243089066, 0.2420120079384739, 0.24338442393962087, 0.24241197377900622, 0.24386177383496635, 0.24227591714514504, 0.24273434877776717, 0.24218430665447901, 0.24424203294698554, 0.24166875584122466, 0.24135094227464599, 0.24426376914886566, 0.24086812142368455, 0.24298884816791688, 0.24356668126171527, 0.242340170761661, 0.2416620512523918, 0.24252037143768218, 0.24225597401790275, 0.24357054205349338, 0.24177610437812092, 0.2435729131293114, 0.2440041683976301, 0.2415132845949637, 0.24288371172936077, 0.242888516401086, 0.24241684821179457, 0.24351399332818477, 0.24266041176931938, 0.24325653373280476, 0.24322623961493198, 0.24266042710874994, 0.24215502814030115, 0.2429866793058108, 0.24283652476337558, 0.24470874773876727, 0.24325657862683966, 0.2416324811556458, 0.24316272135738218, 0.24364867869316792, 0.24167472811992208, 0.2410204389211162, 0.24240474286667832, 0.24187700339900264, 0.2415383880210043, 0.2402691818259258, 0.2445604469427065, 0.24151252736063591, 0.24301715465762738, 0.24211231289464782, 0.24354477262939014, 0.24181028844221783, 0.2430717277786006, 0.2416413521294094, 0.24107477825392234, 0.2419672882008125, 0.241931954879895, 0.24404957698053098, 0.2413699296886658, 0.24234408696594148, 0.24261866387961156, 0.24296510398692794, 0.24246618281240004, 0.24435380421331165, 0.24281877650857908, 0.24374756891556718, 0.24247665527988854, 0.2417917430515178, 0.24253504157371228, 0.2419522740423223, 0.24225967646102484, 0.24114866872958837, 0.24314746344485832, 0.24048741649636227, 0.2436485932496804, 0.24162358175153345, 0.24308669224114635, 0.24222298033173412, 0.2419468048969499, 0.2411181482360184, 0.24068116954982732, 0.24246307885479101, 0.2434724749773361, 0.24154544838935188, 0.242704231301537, 0.24264765298351304, 0.24243013330204088, 0.2410868975855503], "epoch3500": [0.24250569562320543, 0.242172835523363, 0.24262764040009163, 0.2444595224831415, 0.2427875177024881, 0.24265474069606335, 0.24108913990542732, 0.24183607097629378, 0.24265198388596648, 0.24283956917350544, 0.24349702364953277, 0.24090601170383147, 0.24393417522349323, 0.24307668563502516, 0.2417760937262678, 0.24095103803002624, 0.2415786073983784, 0.24284147875159603, 0.24192582623428094, 0.24185969745335378, 0.24290035868925824, 0.24129580592026817, 0.2414639761380827, 0.2424915002282622, 0.24166309850676296, 0.2414174478910769, 0.24365912092006428, 0.24164866156818937, 0.24261376738090956, 0.24183957377815504, 0.24230146983547893, 0.24366520623416837, 0.24397821179436277, 0.2403689016542777, 0.24444328871605656, 0.24107046116648426, 0.2418600039180282, 0.24155949366748175, 0.2426295294366834, 0.24036494600574707, 0.24189000734892627, 0.24199690483034098, 0.2425092030364229, 0.2435781230287784, 0.24302410593499324, 0.24318317687877317, 0.24240347676341203, 0.24261145072672394, 0.2420801521300355, 0.24178968985443508, 0.24125059208144284, 0.24035077563027266, 0.24278423138667854, 0.2425420291321661, 0.2419272671117809, 0.24242581013599612, 0.2423252983928644, 0.24297092971213327, 0.2432104944230038, 0.24213596460078404, 0.24213382371170142, 0.24347088303026332, 0.2410950347247636, 0.24354092431876326, 0.24312825647690103, 0.24489569580158665, 0.24113464429783982, 0.24361364343358413, 0.24258782493565093, 0.24051880708817033, 0.24181254545364847, 0.24227222106645774, 0.24278341149887486, 0.24218809978126557, 0.2406044478344797, 0.2433362234279018, 0.24290247467320286, 0.24223935939466837, 0.24224914633252143, 0.24314389724636948, 0.24368234782877485, 0.24134064153256024, 0.24426853031758447, 0.2426066652435778, 0.24220720811954244, 0.24282688291176474, 0.24232759629673972, 0.24183952177653212, 0.24384058905227105, 0.2439667465131911, 0.24323060710335634, 0.2432276212498357, 0.24230317748568553, 0.24228127270250988, 0.2423790744732103, 0.24184088029748638, 0.24294393267625433, 0.24016370833910933, 0.2410075180327802, 0.2434623628816641, 0.24372846842803025, 0.2409238716982818],