{"epoch3300": [2.292056025751409, 2.295444929386344, 2.2703026048362696, 2.2864840000181847, 2.282657799208561, 2.28333104845813, 2.2869873842619888, 2.2744782824650454, 2.2950851042252363, 2.280996542147665, 2.2734476102282666, 2.2786873021089225, 2.2758183299428043, 2.28239674641348, 2.2696231749966373, 2.2751740223306522, 2.275016572774219, 2.276507056887496, 2.2760281468291406, 2.2827514818562236, 2.2772551707904376, 2.277698970054421, 2.275897378201985, 2.281168530359295, 2.2849088385891725, 2.2711791937308536, 2.2801619274232094, 2.2779589918873153, 2.2760947000644998, 2.2775479491104558, 2.279212940379482, 2.2822470369241414, 2.288658701855204, 2.2835926582746198, 2.285257948633959, 2.2808588282836384, 2.2805989599593754, 2.278061497546827, 2.284634415146029, 2.283033442009443, 2.2859412340251963, 2.2744040406878354, 2.2801376023255973, 2.2731163044414857, 2.276568481074575, 2.269155127465571, 2.278418920229161, 2.271121418689527, 2.275905242966265, 2.275504111938769, 2.2838817920221377, 2.281827407114949, 2.276766393800527, 2.2755751170770577, 2.2758852780017715, 2.2806483363861325, 2.2799924273625063, 2.2880975428749566, 2.2794919401178584, 2.276669006518391, 2.2846857900814634, 2.2732345292635303, 2.2699218799391057, 2.2796173498148815, 2.2754295683272967, 2.285969351563612, 2.277176206069224, 2.279881707542695, 2.2831637240431797, 2.2760521871659463, 2.274609886166992, 2.2743222844570186, 2.2808708074452633, 2.2726136622831326, 2.279330469763187, 2.2734148636498444, 2.280996198849296, 2.2783642985936616, 2.275978746316622, 2.2751440654325337, 2.2772235361206565, 2.2739909615967884, 2.282625519711039, 2.275897773025589, 2.2763484701171253, 2.27612558136816, 2.283524118725905, 2.271869657899413, 2.2767042955169288, 2.276813188172361, 2.2819138625088846, 2.272222647581564, 2.2858289763750643, 2.282062394844601, 2.2773973420452926, 2.2851355472184194, 2.2820889943700937, 2.275133410073304, 2.2803649856611288, 2.280555592778395, 2.273736544277357, 2.266141495741236], "epoch3400": [2.280143175588546, 2.28094122781778, 2.276237210349358, 2.275091582856821, 2.2770036599215313, 2.287192405642146, 2.2871574684787013, 2.2848254076355268, 2.2773400410971694, 2.271873760711201, 2.2730413891775227, 2.2767221052628357, 2.280597750183261, 2.294530073090281, 2.283505643115325, 2.2809501099769394, 2.280073368945694, 2.274136372234513, 2.2675075320636515, 2.280618805409697, 2.2731747212617286, 2.2786896524526874, 2.2781505182271142, 2.27266504270646, 2.272868075029318, 2.2718322594147486, 2.287749786206218, 2.2738474247705605, 2.27080222042015, 2.2817002925116694, 2.2753906310976633, 2.276067778277579, 2.2711600235965848, 2.279128728010463, 2.2831944751617574, 2.279035202987359, 2.2779842124265777, 2.2759219319619195, 2.281833097757888, 2.2772062093095724, 2.28371867987201, 2.276484742798765, 2.2756673481763148, 2.2824950617597533, 2.2744787711926464, 2.2698548797451323, 2.283189033608301, 2.2731613945168307, 2.285633452713034, 2.2703011352997575, 2.2721841932867504, 2.2779596077511695, 2.277604405837291, 2.271893534209111, 2.2725083687726193, 2.279843649900783, 2.2820270186495017, 2.2737330512317526, 2.2775836109810186, 2.2807434251546246, 2.2823536301512837, 2.288183861071495, 2.272932785856145, 2.277189388299536, 2.2783891618099346, 2.282358488158496, 2.277552457416756, 2.2802262720854403, 2.278511552249686, 2.282684491875836, 2.275097963145319, 2.2660382864115505, 2.2685051735709676, 2.2860109833500264, 2.276846780801368, 2.2740114927291906, 2.27037788016717, 2.2822695403452706, 2.2827789402373933, 2.2765918787178174, 2.272046076824597, 2.2784736342442304, 2.2750243698544512, 2.280343987447831, 2.2703542172756346, 2.276867705842722, 2.270280289223126, 2.271749276029484, 2.2865560219415895, 2.28042848213859, 2.2720453952584405, 2.2728847789642495, 2.2741339075595834, 2.284734704305448, 2.2953899995140388, 2.271430502157378, 2.278337257140127, 2.27475895357254, 2.2784724141020916, 2.282826289496456, 2.266829110777287, 2.2868798315677488], "epoch3500": [2.2792452960977783, 2.271155811026883, 2.2759754770552107, 2.2818965701495895, 2.276847224101387, 2.2747457274390652, 2.2863238565147386, 2.2781236839416366, 2.269003085468125, 2.2797642321232923, 2.2763844127850166, 2.28927518248253, 2.2703764264845816, 2.2683151356704405, 2.2838387379560934, 2.2808614295461873, 2.276208722682866, 2.277330005565263, 2.282541296671114, 2.2763733174794756, 2.274289425376736, 2.2816817123261885, 2.275251936119842, 2.2776733405144935, 2.2733985999661015, 2.2764317678368617, 2.263863338533874, 2.278169399332207, 2.2707766895099057, 2.2721062416920605, 2.274857009158414, 2.2741410668243853, 2.2721184507355354, 2.27676530018487, 2.2720171673523484, 2.2717719346361087, 2.2765046467866425, 2.2767972101640814, 2.2785390051429566, 2.274712799150315, 2.2732437400866674, 2.2780257591506103, 2.2714014772868816, 2.271138138021042, 2.27701091918799, 2.2729708559982624, 2.277768808862441, 2.2793431111308897, 2.27306774083306, 2.270655642080187, 2.2840174714012824, 2.285524502739576, 2.2808324589448854, 2.2787658671283975, 2.2783254936832895, 2.271894819596236, 2.2794535544217376, 2.278931001263202, 2.275802841271891, 2.279110402097485, 2.2756469783270763, 2.2811298388654317, 2.2819608404203424, 2.2765123408163905, 2.29076861085184, 2.2796969093630084, 2.2711584421679807, 2.2690721033784143, 2.276972888070908, 2.2869210072490573, 2.2694218617570985, 2.2684303491621667, 2.279276009410849, 2.277793449818937, 2.275559419561229, 2.279769987096566, 2.276848476866019, 2.282373004557226, 2.2779698515182223, 2.2802459702772278, 2.27980103151268, 2.2759762246285566, 2.2739369768620734, 2.273867457114218, 2.273027566387829, 2.279673422084139, 2.2782942166413807, 2.279668359500366, 2.27556680200045, 2.272318066538448, 2.272023425687607, 2.2713504279665946, 2.2728142262724664, 2.281777694097257, 2.2797428723186495, 2.2792316135543094, 2.28316175754723, 2.2871950870889526, 2.2854621815864404, 2.282142006527735, 2.269910491031144, 2.2756984977770918],