{"epoch2100": {"count_0": 106781, "count_0.5": 11948, "count_1": 67838, "unique": 14234, "overlap": 401, "crossing": 8155, "self_avoid": 7845, "loop4": 9433, "loop6": 6216, "loop8": 4226, "loop10": 2548, "loop12": 1476, "loop14": 622, "rg2": 7.7071661886551945, "rg4": 106.71377044930588, "rg6": 2017.3525250926605}, "epoch2200": {"count_0": 108039, "count_0.5": 8349, "count_1": 71446, "unique": 13682, "overlap": 357, "crossing": 9325, "self_avoid": 6675, "loop4": 10985, "loop6": 7240, "loop8": 4931, "loop10": 3144, "loop12": 1708, "loop14": 734, "rg2": 7.679014513108614, "rg4": 105.17984111657303, "rg6": 1988.4289512208518}, "epoch2300": {"count_0": 104664, "count_0.5": 11522, "count_1": 66383, "unique": 14041, "overlap": 403, "crossing": 8684, "self_avoid": 7316, "loop4": 9173, "loop6": 6210, "loop8": 4042, "loop10": 2456, "loop12": 1534, "loop14": 687, "rg2": 7.573637831465281, "rg4": 102.47564513726336, "rg6": 1899.5274847347662}, "epoch2400": {"count_0": 105435, "count_0.5": 11336, "count_1": 64289, "unique": 13955, "overlap": 400, "crossing": 8405, "self_avoid": 7595, "loop4": 8833, "loop6": 6284, "loop8": 3976, "loop10": 2329, "loop12": 1515, "loop14": 608, "rg2": 7.6116986915734035, "rg4": 103.61717524475138, "rg6": 1937.9361031287433}, "epoch2500": {"count_0": 106346, "count_0.5": 10433, "count_1": 64719, "unique": 13977, "overlap": 385, "crossing": 8762, "self_avoid": 7238, "loop4": 7869, "loop6": 6132, "loop8": 3894, "loop10": 2360, "loop12": 1377, "loop14": 619, "rg2": 7.475629921939762, "rg4": 99.24113290222286, "rg6": 1803.754248444762}, "epoch2600": {"count_0": 99808, "count_0.5": 12996, "count_1": 64913, "unique": 14002, "overlap": 370, "crossing": 9227, "self_avoid": 6773, "loop4": 9893, "loop6": 6575, "loop8": 4361, "loop10": 2513, "loop12": 1561, "loop14": 728, "rg2": 7.346904759707662, "rg4": 96.46663191877157, "rg6": 1736.9265979120971}, "epoch2700": {"count_0": 102402, "count_0.5": 12069, "count_1": 64620, "unique": 13970, "overlap": 353, "crossing": 9083, "self_avoid": 6917, "loop4": 9118, "loop6": 6602, "loop8": 4145, "loop10": 2356, "loop12": 1389, "loop14": 649, "rg2": 7.430881343067804, "rg4": 98.63235490839484, "rg6": 1793.6418483981477}, "epoch2800": {"count_0": 102583, "count_0.5": 11719, "count_1": 64535, "unique": 13862, "overlap": 406, "crossing": 9131, "self_avoid": 6869, "loop4": 9405, "loop6": 6683, "loop8": 4347, "loop10": 2523, "loop12": 1524, "loop14": 767, "rg2": 7.44806149002766, "rg4": 98.97174552976348, "rg6": 1806.3498533946977}, "epoch2900": {"count_0": 104549, "count_0.5": 10290, "count_1": 65452, "unique": 13687, "overlap": 322, "crossing": 9306, "self_avoid": 6694, "loop4": 9377, "loop6": 6855, "loop8": 4098, "loop10": 2504, "loop12": 1416, "loop14": 718, "rg2": 7.469142142216911, "rg4": 99.25006163693699, "rg6": 1816.8630613031264}, "epoch3000": {"count_0": 100659, "count_0.5": 10195, "count_1": 66761, "unique": 13603, "overlap": 326, "crossing": 9889, "self_avoid": 6111, "loop4": 10698, "loop6": 7603, "loop8": 4771, "loop10": 2804, "loop12": 1565, "loop14": 773, "rg2": 7.36790470054001, "rg4": 96.40182440683935, "rg6": 1734.17507110253}}