{"epoch100": {"count_0": 93450, "count_0.5": 9750, "count_1": 53446, "unique": 11769, "overlap": 291, "crossing": 9160, "self_avoid": 6840, "mean": 5.146648823395659, "std": 2.447397778997129, "mse": 5.98975588864008}, "epoch200": {"count_0": 94040, "count_0.5": 7725, "count_1": 67713, "unique": 12381, "overlap": 309, "crossing": 10135, "self_avoid": 5865, "mean": 4.87661147247569, "std": 2.3117981197583997, "mse": 5.344410546518471}, "epoch300": {"count_0": 109840, "count_0.5": 6828, "count_1": 58981, "unique": 12101, "overlap": 338, "crossing": 8115, "self_avoid": 7885, "mean": 5.273312286466617, "std": 2.597869806091178, "mse": 6.748927529400215}, "epoch400": {"count_0": 92607, "count_0.5": 8059, "count_1": 63451, "unique": 14190, "overlap": 308, "crossing": 9949, "self_avoid": 6051, "mean": 4.835333119494966, "std": 2.4262736085435774, "mse": 5.886803623515072}, "epoch500": {"count_0": 106807, "count_0.5": 7519, "count_1": 54064, "unique": 14749, "overlap": 430, "crossing": 8060, "self_avoid": 7940, "mean": 5.394638086813022, "std": 2.5892334603712994, "mse": 6.704129912306333}, "epoch600": {"count_0": 100103, "count_0.5": 7160, "count_1": 64276, "unique": 15502, "overlap": 329, "crossing": 10323, "self_avoid": 5677, "mean": 4.914995993932657, "std": 2.4159499952660286, "mse": 5.836814379625924}, "epoch700": {"count_0": 103975, "count_0.5": 10447, "count_1": 61337, "unique": 15616, "overlap": 408, "crossing": 8887, "self_avoid": 7113, "mean": 5.1234285164498345, "std": 2.5245257449328293, "mse": 6.373230236828657}, "epoch800": {"count_0": 105134, "count_0.5": 14252, "count_1": 58426, "unique": 15657, "overlap": 528, "crossing": 6950, "self_avoid": 9050, "mean": 5.605318966861928, "std": 2.62452839187118, "mse": 6.888149279737923}, "epoch900": {"count_0": 106257, "count_0.5": 25748, "count_1": 61674, "unique": 15604, "overlap": 652, "crossing": 5822, "self_avoid": 10178, "mean": 5.8836811663764506, "std": 2.6875259873026445, "mse": 7.222795932427053}, "epoch1000": {"count_0": 106288, "count_0.5": 34298, "count_1": 63775, "unique": 15590, "overlap": 580, "crossing": 5585, "self_avoid": 10415, "mean": 5.843859598214638, "std": 2.664029841491016, "mse": 7.0970549963546485}, "epoch1100": {"count_0": 107938, "count_0.5": 35265, "count_1": 64590, "unique": 15472, "overlap": 667, "crossing": 5035, "self_avoid": 10965, "mean": 6.078978280556318, "std": 2.6919831099998657, "mse": 7.2467730645245485}, "epoch1200": {"count_0": 108923, "count_0.5": 35415, "count_1": 65000, "unique": 15474, "overlap": 646, "crossing": 5187, "self_avoid": 10813, "mean": 5.954891829628605, "std": 2.676333928608777, "mse": 7.162763297422491}, "epoch1300": {"count_0": 109540, "count_0.5": 34541, "count_1": 65792, "unique": 15496, "overlap": 628, "crossing": 4874, "self_avoid": 11126, "mean": 6.041466461975513, "std": 2.6863884657333306, "mse": 7.216682988825078}, "epoch1400": {"count_0": 109341, "count_0.5": 37574, "count_1": 64930, "unique": 15541, "overlap": 621, "crossing": 5065, "self_avoid": 10935, "mean": 5.972647439788489, "std": 2.669968644008389, "mse": 7.128732559987998}, "epoch1500": {"count_0": 108708, "count_0.5": 41288, "count_1": 65203, "unique": 15569, "overlap": 653, "crossing": 4811, "self_avoid": 11189, "mean": 6.050175306654975, "std": 2.633463263222478, "mse": 6.935128758742382}, "epoch1600": {"count_0": 109155, "count_0.5": 46007, "count_1": 64441, "unique": 15576, "overlap": 647, "crossing": 4816, "self_avoid": 11184, "mean": 6.073433146884677, "std": 2.658036833891224, "mse": 7.065159810322482}, "epoch1700": {"count_0": 110038, "count_0.5": 40487, "count_1": 64110, "unique": 15601, "overlap": 659, "crossing": 4780, "self_avoid": 11220, "mean": 6.086137480828723, "std": 2.698227300368111, "mse": 7.280430564451784}, "epoch1800": {"count_0": 108200, "count_0.5": 43327, "count_1": 64732, "unique": 15595, "overlap": 686, "crossing": 4537, "self_avoid": 11463, "mean": 6.154735686832687, "std": 2.683510504027919, "mse": 7.201228625228175}, "epoch1900": {"count_0": 106538, "count_0.5": 47052, "count_1": 65705, "unique": 15637, "overlap": 676, "crossing": 4572, "self_avoid": 11428, "mean": 6.126168366492693, "std": 2.6287946183344633, "mse": 6.9105611453842375}, "epoch2000": {"count_0": 107574, "count_0.5": 47142, "count_1": 65726, "unique": 15627, "overlap": 670, "crossing": 4441, "self_avoid": 11559, "mean": 6.13163608350141, "std": 2.66477746528739, "mse": 7.101038939503487}, "epoch2100": {"count_0": 108375, "count_0.5": 49158, "count_1": 64650, "unique": 15638, "overlap": 708, "crossing": 4237, "self_avoid": 11763, "mean": 6.208818104680841, "std": 2.6368689279119315, "mse": 6.953077742987419}, "epoch2200": {"count_0": 108344, "count_0.5": 42898, "count_1": 66042, "unique": 15550, "overlap": 702, "crossing": 4220, "self_avoid": 11780, "mean": 6.19719477781867, "std": 2.6764298768652632, "mse": 7.163276885777007}, "epoch2300": {"count_0": 108337, "count_0.5": 48115, "count_1": 65659, "unique": 15598, "overlap": 748, "crossing": 4187, "self_avoid": 11813, "mean": 6.216001306043651, "std": 2.6817117226248643, "mse": 7.191577763263616}, "epoch2400": {"count_0": 108938, "count_0.5": 46247, "count_1": 65051, "unique": 15609, "overlap": 738, "crossing": 4154, "self_avoid": 11846, "mean": 6.245735726575949, "std": 2.6959293821932344, "mse": 7.268035233772795}, "epoch2500": {"count_0": 107860, "count_0.5": 46809, "count_1": 65591, "unique": 15592, "overlap": 708, "crossing": 4353, "self_avoid": 11647, "mean": 6.2063036959078675, "std": 2.651705947906054, "mse": 7.031544434160343}, "epoch2600": {"count_0": 107103, "count_0.5": 44461, "count_1": 64673, "unique": 15643, "overlap": 701, "crossing": 4259, "self_avoid": 11741, "mean": 6.226572583294202, "std": 2.652978300885434, "mse": 7.0382938649689635}, "epoch2700": {"count_0": 108679, "count_0.5": 44295, "count_1": 64043, "unique": 15628, "overlap": 721, "crossing": 4168, "self_avoid": 11832, "mean": 6.228828592665714, "std": 2.699526692438894, "mse": 7.287444363190073}, "epoch2800": {"count_0": 107745, "count_0.5": 45039, "count_1": 65162, "unique": 15619, "overlap": 715, "crossing": 4224, "self_avoid": 11776, "mean": 6.161684481721896, "std": 2.6772923537984346, "mse": 7.167894347707563}, "epoch2900": {"count_0": 108112, "count_0.5": 47051, "count_1": 64180, "unique": 15636, "overlap": 695, "crossing": 4115, "self_avoid": 11885, "mean": 6.239462880778151, "std": 2.6725180933702974, "mse": 7.14235295939161}, "epoch3000": {"count_0": 108943, "count_0.5": 49038, "count_1": 63821, "unique": 15612, "overlap": 718, "crossing": 4010, "self_avoid": 11990, "mean": 6.273430669316974, "std": 2.6770912642779257, "mse": 7.1668176372731835}}