{"epoch50": [0.6669622284849894, 0.6057774928427236, 0.5866004849217601, 0.6142331202005604, 0.5919501191561983, 0.555426517712701, 0.5825160572823789, 0.5777752540775183, 0.5363317168865008, 0.5613004411618736, 0.4925934285232702, 0.5583576937926188, 0.5593900106002372, 0.5012255277215821, 0.5568737725621645, 0.5664002016647575, 0.48553206410604655, 0.4396994909674852, 0.5418894014407678, 0.4754522882171511, 0.530927205515891, 0.5555336192711114, 0.5058963335666461, 0.47469524009940556, 0.43141672076638216, 0.5181522470774109, 0.4700176368669138, 0.5000611755651296, 0.5869036107948146, 0.6156968566560254, 0.5474372315652591, 0.48086988710865525, 0.477967486246345, 0.48279147879364565, 0.4978002644691271, 0.5755418864722104, 0.5338751772015364, 0.5377262074922777, 0.5759672436517542, 0.5556213222828107, 0.5993392049651785, 0.5187763753011055, 0.541055135812956, 0.6006739606562351, 0.5376921572636083, 0.591260297396748, 0.6227754372911356, 0.5977533256884703, 0.5777456975474801, 0.6083701166909994], "epoch100": [0.664098683091783, 0.6149059669258667, 0.5574745591153805, 0.5288396760360481, 0.626755835469236, 0.5984850267774051, 0.5563787025274691, 0.592463796286239, 0.7458068648564447, 0.6231637037906452, 0.5669288432475219, 0.5435758509586767, 0.5772225279168983, 0.5713512332169054, 0.5669808774879295, 0.5185801893779911, 0.6540937325389116, 0.6624350277418943, 0.559712524881068, 0.5323183287664786, 0.5166562310199148, 0.587274705626301, 0.5389726966926729, 0.5909248467573183, 0.6325064338359637, 0.6018996048219423, 0.5949126389837757, 0.6252983009692319, 0.5610789318674619, 0.5531533225295473, 0.5931816439038701, 0.5077733120967434, 0.4827693012571827, 0.5244052299519174, 0.6128507864843943, 0.5872025655716965, 0.6454978253423552, 0.6514489484816482, 0.5370001977251976, 0.5268789849330469, 0.5558297394477215, 0.5827173049916925, 0.6171761560685853, 0.6934575260299997, 0.6694130498109407, 0.5773201793739476, 0.5152914717639844, 0.5648837356837757, 0.7440113935273949, 0.741968274116516], "epoch150": [0.5507577153825268, 0.5654841305054341, 0.5597318146646638, 0.5480880706580646, 0.6330379554905841, 0.7193260555414809, 0.5456752494438408, 0.5798948831164958, 0.6170211581839731, 0.6443831121798645, 0.6380382960604636, 0.5992247744933848, 0.6273022699601872, 0.5879070488447996, 0.5833971801492356, 0.6378577075053736, 0.6705959101313169, 0.6789487299230906, 0.6453470034697621, 0.6259376879819896, 0.61412128652494, 0.5824504402494922, 0.6895066143311177, 0.7253212117657217, 0.6246263052999355, 0.557476837610461, 0.6207831975111028, 0.6326698980380578, 0.6269352417631252, 0.6155214672236098, 0.6038098445872672, 0.6351557343276506, 0.6061355551493538, 0.6696128691594625, 0.6548820684865578, 0.5742465829111866, 0.608033216491188, 0.67662936510499, 0.6590355450345068, 0.6016199644078911, 0.5973373405712169, 0.5619662256584953, 0.5810170026169611, 0.7421712961393532, 0.7443942962233554, 0.6414292307244135, 0.653637229167309, 0.5902912377082196, 0.568797576673252, 0.6040300855931545], "epoch200": [0.6362137130855287, 0.7069061103555344, 0.7233751981528764, 0.6403965648916581, 0.6011591793335589, 0.6573082036578782, 0.727426304645145, 0.6603854630411286, 0.582168502905934, 0.5954682396859238, 0.5799715162552511, 0.6135521518815426, 0.6237165977045436, 0.5740068284506653, 0.6215810462371588, 0.6852784703687295, 0.6849216880257597, 0.5729084715400777, 0.5697978298688673, 0.6489383854816871, 0.6146210757727475, 0.6085508447332479, 0.6889640277193995, 0.6403089067370623, 0.6081007872660135, 0.6253818132213712, 0.6005515769584892, 0.5163005111143761, 0.580559994756561, 0.6050824940819101, 0.5561718516743059, 0.6064472978877038, 0.625189942182954, 0.6257224476214536, 0.6085866087490749, 0.6018191127432992, 0.5603199060430233, 0.5846037821671396, 0.5922263590330928, 0.5929802815938735, 0.5747861309149829, 0.5868029612855812, 0.6122968000235016, 0.5915925398315349, 0.5706072793793433, 0.6024960193437399, 0.6154391390761148, 0.6414511050145651, 0.5731975595975659, 0.5771076230658698], "epoch250": [0.5982457878663369, 0.5767931213083956, 0.5803879646910834, 0.6614741216000822, 0.692649562948758, 0.6703714445694202, 0.6062751215757787, 0.5724048356419988, 0.518236202984741, 0.6118110037341562, 0.686304164301489, 0.6693877842008452, 0.7013002732365403, 0.6620109935396721, 0.5890158974018294, 0.5929801525528897, 0.5318276126360154, 0.50667191381307, 0.5727954746521625, 0.6363366872993941, 0.6045155002898774, 0.7028483133955107, 0.6665667449076149, 0.5540868043899535, 0.5649553125666591, 0.5432346924064088, 0.6233817633894303, 0.6521771027869784, 0.6327080149011514, 0.6344666106184734, 0.6649605680986779, 0.5745851280762978, 0.49271951692620514, 0.5408569672673018, 0.6454197967175357, 0.6444015361599086, 0.6721905021323373, 0.6649592770743616, 0.6248606093151056, 0.5478937791794847, 0.5803372589583249, 0.6507620233850381, 0.731222196952584, 0.6743245069513613, 0.5703872245611606, 0.6241845777354291, 0.706642014464152, 0.6055849888890059, 0.6314200722065166, 0.6306470945938343], "epoch300": [0.6963619675832922, 0.7079827687175004, 0.6357078355612213, 0.6542421247541289, 0.6933451491532866, 0.6457070573089047, 0.5812456441908767, 0.6138914516291669, 0.6508862277896134, 0.685574066393154, 0.6320539565430471, 0.6304100887062621, 0.6020931220546211, 0.6421836884980348, 0.6316461790468277, 0.633735078511779, 0.6426902431802652, 0.6069603537775805, 0.5628153700189492, 0.5737224184360703, 0.5959270737834812, 0.638900872972823, 0.6610846826710651, 0.658041517144626, 0.6148028736261973, 0.5540633017254856, 0.5685397718370577, 0.6465463134431347, 0.6654910377620424, 0.6189223042468434, 0.5845122761333112, 0.6100277445979952, 0.6804180397200832, 0.6414973195066158, 0.6104422451294576, 0.6636362972947739, 0.6624878165648155, 0.5858933593808988, 0.502237758685633, 0.5967413303778343, 0.6615318145948583, 0.6779030653619278, 0.6803821829176439, 0.647557595341476, 0.6282883077552638, 0.5663919498011012, 0.6252985713408169, 0.640806043885418, 0.6636874700329963, 0.6527398646492321], "epoch350": [0.6646387546332841, 0.6395507344265574, 0.6606727770923337, 0.6558577909912034, 0.6389659649318027, 0.6748096580357896, 0.6505684262698457, 0.6443070296159727, 0.6324511274849016, 0.6438168557648805, 0.6019153379902397, 0.667723283325274, 0.6783953419665698, 0.5752978331034945, 0.593378757693104, 0.6358425119488507, 0.6207629116540101, 0.641867546691108, 0.5969346817006768, 0.604612152601026, 0.7208013221160653, 0.6655564781316778, 0.5760008225735926, 0.6301517750799044, 0.7012766501338211, 0.6777646424844093, 0.6207457080329818, 0.6296488151107869, 0.6380282585153875, 0.63714221334949, 0.6680324151343905, 0.6585940632623498, 0.6409246853946409, 0.6366434121869274, 0.5918685775442218, 0.6937334162672768, 0.6808350055488113, 0.6554498617182073, 0.6189076040208954, 0.5972488786756379, 0.6008495885072291, 0.64999361197973, 0.7007645036756377, 0.6390229070309508, 0.669099595743356, 0.6766848349079645, 0.583448174688005, 0.5796406158466927, 0.6352292643379923, 0.5860269088106059],