{"epoch50": [0.6882843418219652, 0.685121539941768, 0.6884406153688728, 0.6867192166367756, 0.8250580276410606, 0.9512716986469388, 0.8930043356934776, 0.8839078779073105, 1.0210766970496818, 1.1067901831312277, 1.4850055851887183, 1.3211890348454112, 1.3438533163562265, 1.4627577361372324, 1.191704466170871, 1.090057961719552, 1.3498174283922333, 1.5532455948210253, 1.1967044368232649, 1.5856703544400397, 1.3650059872066849, 1.3899081539861937, 1.514673637360642, 1.5008232605826, 1.6155630313244065, 1.3040132117025618, 1.4791154406734346, 1.4540299128011331, 1.2708714923907802, 1.150002819975627, 1.2093187951550042, 1.4736162706748726, 1.4572824583840125, 1.4407088117501174, 1.3307062596389931, 1.0450991748534524, 1.2371511496219436, 1.325160672984172, 1.170608467662457, 1.254620893714354, 1.0277967557464673, 1.2423231196157711, 1.1543217362816791, 0.9760285751106812, 1.1229013032519939, 1.0198532637861588, 0.9742231467335496, 1.0208110139542022, 1.0787795192187597, 1.0440147261029662], "epoch100": [0.941942476120192, 0.9509068672190008, 1.015481754062102, 1.050573911863504, 0.7959259066385094, 0.8960061325240379, 1.0238108174088076, 0.9556069085278459, 0.6579652373323736, 0.9324616636197595, 0.9881579445809435, 1.013860813121206, 0.9327813509813285, 0.9908834296403468, 1.0413177111714156, 1.2886227209543446, 0.9112878128425366, 0.9135908650368759, 1.158008663924699, 1.236293620669965, 1.2097054080864822, 1.052514009254495, 1.3222418052634017, 1.194871702145055, 1.0641059525234184, 1.1024687296336462, 1.1312444541872166, 1.0714546190094707, 1.2550803250873213, 1.2171504042812227, 1.0406812730523727, 1.2297326953140737, 1.2230066822976182, 1.1055802696758938, 0.9506358657915567, 1.083420376802228, 0.95010110582273, 1.0230134055786526, 1.4137147111991015, 1.2676707076043199, 1.1699747178972386, 1.0269041012242899, 0.9459167288750713, 0.8537124118854089, 0.9244500736600342, 1.1411590527013409, 1.3579016653532836, 1.2043876721686928, 0.7740296106977559, 0.8568762356473004], "epoch150": [1.3134154216530407, 1.1435774232923372, 1.1331090693621289, 1.11942977020421, 0.9502493302846692, 0.7687187840029137, 1.2322693288940745, 1.0416019196362842, 0.9505825067303845, 0.8904618651596539, 0.8969643122142121, 0.9920256316047349, 0.9204481268666455, 1.0425168183661, 1.0274349451065066, 0.9029027549261901, 0.8502202642332647, 0.8208563671898594, 0.8733335653531185, 0.9365507382707494, 0.9719482217867351, 1.1285856218682124, 0.8084304086940804, 0.6871552117092095, 0.9234600392813537, 1.1604027588342885, 0.9322774895687695, 0.8705525306082262, 0.8468045309646843, 0.8362626795916213, 0.8946460245810832, 0.8485288755180914, 0.9672178460150649, 0.8506172950734797, 0.9101576977169392, 1.115194398103301, 0.9444632001758853, 0.7393231324313844, 0.7818671022493815, 0.9704255646037069, 1.0221764617359514, 1.1428856911118497, 1.085145413261099, 0.7575294633501586, 0.7692655263487824, 0.9365515991584543, 0.9129517699025338, 1.0557519093002237, 1.0741676940131433, 0.9545157625503148], "epoch200": [0.9310128658088213, 0.7636263481120474, 0.7529361487663899, 0.9688112084398565, 1.0928038592191087, 0.9441250740867296, 0.7483994137380544, 0.8232132153412728, 0.9497041118513679, 0.860892136072375, 0.9120618289278952, 0.8310606829898872, 0.8169845766627913, 1.0029641998182866, 0.8930041556505811, 0.756004404161394, 0.770201887052084, 1.0817012412031894, 1.0463069394691704, 0.9228790844838641, 1.028876622927558, 1.0333781598769507, 0.8537847080181552, 0.9904568084736459, 1.0091791736710927, 0.9305125345888828, 0.9852351570866767, 1.200753457767447, 0.948670068352493, 0.9203588120716132, 1.060893871735052, 0.9939512327774286, 1.0563644779097177, 1.0417648437096902, 1.0985583939503147, 1.113005222733488, 1.150027053872335, 1.0092998632450694, 0.9459013004892881, 0.9413279921738142, 1.0428594516724656, 1.0298362478767475, 0.9952374475518454, 1.0418384228785011, 1.0360633411358313, 0.9450371830733779, 0.8955762503073387, 0.8421789530626279, 1.083730062873093, 1.0731063233208404], "epoch250": [0.9678871256788979, 0.9684841761884003, 0.9934484454774366, 0.8393967575633647, 0.8359701326212935, 0.9377479080072381, 1.0709825969233955, 1.0896024415173482, 1.1506028046313017, 0.8642529617879807, 0.7849103464293725, 0.8896635316081888, 0.8348777054511394, 0.9573426418697711, 1.1086720265064045, 1.073816084370171, 1.2822586654387802, 1.3272778508589442, 1.1557686611549143, 0.9861368684424566, 1.006037541271485, 0.794701777168156, 0.926929196131598, 1.2523261357828512, 1.2039346436864327, 1.2886183003789367, 1.0345720249352997, 1.0509511902160258, 1.0038940193726846, 0.9238445445434336, 0.8285947632543817, 1.1078443760724406, 1.3694459752938182, 1.115648236471353, 0.8755737100679848, 0.8561627563742016, 0.8548073485954516, 0.8876134286221765, 1.0016247341313314, 1.2163004236122994, 1.0727492613890734, 0.8681162577314476, 0.7676332937073467, 0.9288493972463705, 1.1772748674314049, 0.9983491897583011, 0.7877291809652263, 1.001502485619378, 0.8782604195407984, 0.8918715168520344], "epoch300": [0.7895321876732344, 0.7520959063903574, 0.9435841428864863, 0.8931591019188007, 0.894211490129687, 0.9968053852159952, 1.0717972357248524, 0.8909623831817786, 0.8138427113749316, 0.7688147032383793, 0.9323839508381085, 0.9060246674055906, 0.9809554188521867, 0.8921226754630963, 0.9487729736210144, 0.9478686341305371, 0.9169929820237704, 1.049534929167364, 1.1491139402094577, 1.0411424427917322, 0.9653881462578922, 0.9105108331159218, 0.8577682941230302, 0.8221530170784781, 0.9451171055282512, 1.209004414450262, 1.1214949715997753, 0.8861130316232894, 0.8192415956369382, 0.8889061820875735, 0.9917606127630806, 0.9158115804809887, 0.7828989907638313, 0.8555275318548851, 0.9321399699781355, 0.865330707166613, 0.9256627596530718, 1.1477215075001275, 1.3473829424258363, 1.0302389307120408, 0.813462136332522, 0.809588854460372, 0.8326245306693402, 0.9244076406832824, 0.9312845296466469, 1.0516800038593326, 0.896116517253758, 0.8606170809146053, 0.8358386128219134, 0.8859848767211754], "epoch350": [0.8726413022611558, 0.8683042599982823, 0.813826629795979, 0.8528216843752519, 0.9358555570091167, 0.8851145591932473, 0.920863725475429, 0.9111694834895971, 0.9450457255864886, 0.906512538796848, 0.9867325867574237, 0.8034208908523481, 0.8048795897936083, 1.0746951305989134, 0.9662912856672227, 0.8582654613809488, 0.9103169600988172, 0.9364180079440484, 1.1461795482438863, 1.0873637568090375, 0.797613569141663, 0.9321853457037935, 1.1317571856311914, 0.9192771751856068, 0.7843159547786125, 0.8711728945220872, 1.0281499077364342, 0.9507719309059612, 0.8701397248150149, 0.8615896173359194, 0.7894474433869431, 0.8156818501728095, 0.8493152635613668, 0.8865245377894531, 1.0648633794686229, 0.7792805132177685, 0.8071927631024234, 0.8525762170860446, 0.8903059461682118, 0.8981215339346029, 0.8599752372073147, 0.7711572745411667, 0.6996908642582058, 0.9021816585481779, 0.9092693931048678, 0.8666395735494868, 1.0286147317935515, 1.0260271313264193, 0.8508223454976815, 0.9911884339814334],