{"epoch600": {"count_0": 99330, "count_0.5": 7383, "count_1": 64112, "unique": 15492, "overlap": 332, "crossing": 10352, "self_avoid": 5648, "loop4": 8982, "loop6": 7153, "loop8": 4612, "loop10": 2858, "loop12": 1475, "loop14": 648, "rg2": 7.031035598884561, "rg4": 91.71447677180045, "rg6": 1670.0167498182473}, "epoch700": {"count_0": 103860, "count_0.5": 10507, "count_1": 61324, "unique": 15651, "overlap": 457, "crossing": 8720, "self_avoid": 7280, "loop4": 5996, "loop6": 5536, "loop8": 3788, "loop10": 2416, "loop12": 1349, "loop14": 556, "rg2": 7.226554987980769, "rg4": 95.54921746725564, "rg6": 1750.082634883202}, "epoch800": {"count_0": 104682, "count_0.5": 14064, "count_1": 58650, "unique": 15654, "overlap": 578, "crossing": 7022, "self_avoid": 8978, "loop4": 4291, "loop6": 4354, "loop8": 2918, "loop10": 1784, "loop12": 1051, "loop14": 482, "rg2": 7.390359594286033, "rg4": 100.0753892884538, "rg6": 1854.6281427281767}, "epoch900": {"count_0": 106115, "count_0.5": 25863, "count_1": 61656, "unique": 15625, "overlap": 598, "crossing": 5851, "self_avoid": 10149, "loop4": 3603, "loop6": 3267, "loop8": 2272, "loop10": 1499, "loop12": 851, "loop14": 398, "rg2": 7.510422824908858, "rg4": 103.63926025174125, "rg6": 1946.0916415804747}, "epoch1000": {"count_0": 106404, "count_0.5": 34260, "count_1": 63630, "unique": 15622, "overlap": 652, "crossing": 5518, "self_avoid": 10482, "loop4": 3319, "loop6": 3010, "loop8": 2270, "loop10": 1424, "loop12": 873, "loop14": 412, "rg2": 7.491457826512116, "rg4": 103.25433245380287, "rg6": 1935.4377921826738}, "epoch1100": {"count_0": 107908, "count_0.5": 35163, "count_1": 64636, "unique": 15469, "overlap": 615, "crossing": 5110, "self_avoid": 10890, "loop4": 2980, "loop6": 2871, "loop8": 2194, "loop10": 1279, "loop12": 785, "loop14": 368, "rg2": 7.461091023875115, "rg4": 104.09526820047061, "rg6": 1971.3624938083856}, "epoch1200": {"count_0": 108889, "count_0.5": 35235, "count_1": 64922, "unique": 15556, "overlap": 643, "crossing": 5295, "self_avoid": 10705, "loop4": 2717, "loop6": 3193, "loop8": 2408, "loop10": 1425, "loop12": 853, "loop14": 399, "rg2": 7.474204518916395, "rg4": 103.54811504280272, "rg6": 1953.0439297846688}, "epoch1300": {"count_0": 109624, "count_0.5": 34644, "count_1": 65396, "unique": 15487, "overlap": 654, "crossing": 4829, "self_avoid": 11171, "loop4": 2497, "loop6": 2828, "loop8": 2014, "loop10": 1263, "loop12": 793, "loop14": 380, "rg2": 7.481344692731179, "rg4": 103.99003211374772, "rg6": 1962.0647357670134}, "epoch1400": {"count_0": 109202, "count_0.5": 37738, "count_1": 64663, "unique": 15488, "overlap": 645, "crossing": 4985, "self_avoid": 11015, "loop4": 2621, "loop6": 2708, "loop8": 2153, "loop10": 1389, "loop12": 782, "loop14": 347, "rg2": 7.404916591012256, "rg4": 101.90324570720324, "rg6": 1903.80437901151}, "epoch1500": {"count_0": 108918, "count_0.5": 41235, "count_1": 65132, "unique": 15550, "overlap": 705, "crossing": 4792, "self_avoid": 11208, "loop4": 2611, "loop6": 2575, "loop8": 2080, "loop10": 1286, "loop12": 790, "loop14": 395, "rg2": 7.440926681834404, "rg4": 102.08981541069298, "rg6": 1892.662223442038}, "epoch1600": {"count_0": 108839, "count_0.5": 46190, "count_1": 64654, "unique": 15581, "overlap": 681, "crossing": 4699, "self_avoid": 11301, "loop4": 2573, "loop6": 2494, "loop8": 2036, "loop10": 1224, "loop12": 745, "loop14": 348, "rg2": 7.502653249712415, "rg4": 103.24522234230862, "rg6": 1920.548608123618}, "epoch1700": {"count_0": 110008, "count_0.5": 40700, "count_1": 63818, "unique": 15606, "overlap": 671, "crossing": 4843, "self_avoid": 11157, "loop4": 2489, "loop6": 2636, "loop8": 2044, "loop10": 1384, "loop12": 821, "loop14": 390, "rg2": 7.592670240656091, "rg4": 105.76925598182825, "rg6": 1989.7540327409608}, "epoch1800": {"count_0": 108604, "count_0.5": 43488, "count_1": 64169, "unique": 15622, "overlap": 722, "crossing": 4362, "self_avoid": 11638, "loop4": 2224, "loop6": 2431, "loop8": 1902, "loop10": 1212, "loop12": 778, "loop14": 353, "rg2": 7.527617637265854, "rg4": 103.76332505287266, "rg6": 1937.742084343832}, "epoch1900": {"count_0": 106597, "count_0.5": 46747, "count_1": 65701, "unique": 15627, "overlap": 649, "crossing": 4600, "self_avoid": 11400, "loop4": 2421, "loop6": 2523, "loop8": 1977, "loop10": 1328, "loop12": 745, "loop14": 332, "rg2": 7.449187225877193, "rg4": 101.54541737338953, "rg6": 1867.4494787570886}, "epoch2000": {"count_0": 107322, "count_0.5": 47504, "count_1": 65788, "unique": 15573, "overlap": 705, "crossing": 4352, "self_avoid": 11648, "loop4": 2194, "loop6": 2445, "loop8": 1899, "loop10": 1208, "loop12": 724, "loop14": 327, "rg2": 7.518694196428571, "rg4": 103.98335689502758, "rg6": 1941.1573697954088}, "epoch2100": {"count_0": 108799, "count_0.5": 49042, "count_1": 64316, "unique": 15644, "overlap": 672, "crossing": 4275, "self_avoid": 11725, "loop4": 2081, "loop6": 2281, "loop8": 1928, "loop10": 1173, "loop12": 770, "loop14": 341, "rg2": 7.558654717484009, "rg4": 104.48399887247635, "rg6": 1948.5753837334526}, "epoch2200": {"count_0": 108187, "count_0.5": 43112, "count_1": 65917, "unique": 15617, "overlap": 692, "crossing": 4256, "self_avoid": 11744, "loop4": 1995, "loop6": 2318, "loop8": 1827, "loop10": 1243, "loop12": 764, "loop14": 379, "rg2": 7.545146058625681, "rg4": 104.1067442569161, "rg6": 1938.4857035999971}, "epoch2300": {"count_0": 108187, "count_0.5": 47883, "count_1": 65980, "unique": 15579, "overlap": 665, "crossing": 4207, "self_avoid": 11793, "loop4": 2080, "loop6": 2268, "loop8": 1881, "loop10": 1171, "loop12": 748, "loop14": 336, "rg2": 7.5384225546934625, "rg4": 104.52928933423661, "rg6": 1957.103517925245}, "epoch2400": {"count_0": 109252, "count_0.5": 46083, "count_1": 64785, "unique": 15573, "overlap": 677, "crossing": 4200, "self_avoid": 11800, "loop4": 2031, "loop6": 2217, "loop8": 1804, "loop10": 1120, "loop12": 779, "loop14": 338, "rg2": 7.622811175847458, "rg4": 106.4805389921544, "rg6": 2003.6958132921638}, "epoch2500": {"count_0": 107520, "count_0.5": 47015, "count_1": 65528, "unique": 15649, "overlap": 669, "crossing": 4201, "self_avoid": 11799, "loop4": 2165, "loop6": 2188, "loop8": 1795, "loop10": 1197, "loop12": 758, "loop14": 357, "rg2": 7.492696679803373, "rg4": 102.69093327021557, "rg6": 1900.83581307173}, "epoch2600": {"count_0": 107090, "count_0.5": 44363, "count_1": 64805, "unique": 15619, "overlap": 681, "crossing": 4177, "self_avoid": 11823, "loop4": 2124, "loop6": 2178, "loop8": 1815, "loop10": 1200, "loop12": 764, "loop14": 361, "rg2": 7.544216648693225, "rg4": 103.97084537516751, "rg6": 1932.761047128916}, "epoch2700": {"count_0": 108352, "count_0.5": 44877, "count_1": 63861, "unique": 15625, "overlap": 696, "crossing": 4101, "self_avoid": 11899, "loop4": 2081, "loop6": 2086, "loop8": 1892, "loop10": 1204, "loop12": 720, "loop14": 353, "rg2": 7.5768026724934865, "rg4": 105.11163349057037, "rg6": 1968.7643634369117}, "epoch2800": {"count_0": 107456, "count_0.5": 45206, "count_1": 65293, "unique": 15660, "overlap": 682, "crossing": 4202, "self_avoid": 11798, "loop4": 2099, "loop6": 2193, "loop8": 1866, "loop10": 1227, "loop12": 712, "loop14": 341, "rg2": 7.549897890532294, "rg4": 104.0814645563188, "rg6": 1936.1968425834234}, "epoch2900": {"count_0": 108184, "count_0.5": 47211, "count_1": 64039, "unique": 15591, "overlap": 710, "crossing": 4059, "self_avoid": 11941, "loop4": 1913, "loop6": 2089, "loop8": 1870, "loop10": 1199, "loop12": 698, "loop14": 374, "rg2": 7.541777672514865, "rg4": 104.26078545545056, "rg6": 1939.9865312484048}, "epoch3000": {"count_0": 108855, "count_0.5": 48934, "count_1": 63894, "unique": 15603, "overlap": 732, "crossing": 4057, "self_avoid": 11943, "loop4": 1983, "loop6": 2094, "loop8": 1805, "loop10": 1175, "loop12": 744, "loop14": 376, "rg2": 7.579367228711379, "rg4": 105.00357144331898, "rg6": 1957.470613655808}, "epoch3100": {"count_0": 108810, "count_0.5": 50695, "count_1": 64708, "unique": 15635, "overlap": 710, "crossing": 4076, "self_avoid": 11924,