{"epoch50": [0.6732081543538985, 0.5497057358014213, 0.4299854224490136, 0.4231152273330492, 0.4839348187766126, 0.4824691866476512, 0.4950606696998951, 0.5184454954776567, 0.5175495279818466, 0.5194328261404925, 0.5122401311839978, 0.5510620702173292, 0.5395900557950599, 0.5342929879414666, 0.523651480367503, 0.5491930092732928, 0.5570765475636906, 0.5690972983222645, 0.5544309505482311, 0.5548574795428013, 0.5506531669921482, 0.5615333257262239, 0.5695326912034419, 0.5661526832383932, 0.5471018110353922, 0.5642547754897282, 0.5840563055166265, 0.6085282428977413, 0.6041929297840474, 0.6135711719080349, 0.5985080876301246, 0.6181837535396066, 0.6172912538666088, 0.6119716394807875, 0.6156923033527489, 0.6281042916258587, 0.6418184797788402, 0.6256640922162948, 0.624043575881683, 0.6271912596889375, 0.6380399643760364, 0.6388919623856694, 0.6478435286541576, 0.6581576300650531, 0.6495136378966654, 0.6540517628807381, 0.6540805549965689, 0.6527623282265421, 0.6468616502801167, 0.6452378980892219], "epoch100": [0.6657944026681566, 0.6585788610055273, 0.6521034916651619, 0.659064680030666, 0.6549329886731409, 0.6490876072460844, 0.6503603446114924, 0.6671221827723314, 0.6610352083579776, 0.6519751622504795, 0.6575385995746886, 0.6529402726704314, 0.6554308103531906, 0.6597602834406586, 0.6605164562303998, 0.6662333607673643, 0.6676120069838059, 0.6675559122537827, 0.6671854005646459, 0.6624690454030774, 0.6680950399526614, 0.6683661759514171, 0.6728460499920799, 0.6635267255232505, 0.6694777405139093, 0.6630373615579508, 0.6650039264836263, 0.6669102354148, 0.6709964742365575, 0.6644442185913164, 0.6779007088277759, 0.6689546274155684, 0.6697971771672832, 0.6639169761815021, 0.6689493053967192, 0.6684978456841297, 0.6705143371808162, 0.6708029969451352, 0.6759794071777581, 0.670547389492546, 0.6698179048361235, 0.6660232359601054, 0.6736082354771721, 0.6684971851171903, 0.6753248437163755, 0.668572371767968, 0.6700059857565104, 0.6686783027403134, 0.672377309233872, 0.674761557087456], "epoch150": [0.6754858358619136, 0.6682944254776868, 0.6746670837254869, 0.668996723042321, 0.6702897524096303, 0.6658433313222277, 0.6615888808191439, 0.6605100484238458, 0.6471418891985391, 0.6346565392828483, 0.6264911410734828, 0.5990780585819915, 0.5643364848549833, 0.5632885964875369, 0.5395723274073649, 0.4979099591368251, 0.4898001247460083, 0.460612056796084, 0.45452949558336725, 0.4259739017363675, 0.41001971788013114, 0.4091250309624621, 0.3888330290612487, 0.36809704567968227, 0.3728541357001078, 0.3650079934867386, 0.3592263288104656, 0.3502139218689241, 0.3672492427309763, 0.3619463855458289, 0.3318622216735919, 0.3278402194534381, 0.3656447591240872, 0.35715665337965663, 0.3506893841261716, 0.3263456584866515, 0.3269587951837127, 0.3610744623793769, 0.3497435158675478, 0.33360190459133426, 0.3227651856609226, 0.3226751900210822, 0.35358133481949866, 0.34181999177047906, 0.3438242421936743, 0.31995710515484366, 0.31514991804496545, 0.3228784206601763, 0.3468411226862484, 0.3415926147982019], "epoch200": [0.34509099635881263, 0.3292422644870797, 0.32806091118104685, 0.3369624439588527, 0.3379119281301793, 0.3234903529747244, 0.3096905233933754, 0.3315044116113603, 0.3444299261594554, 0.33343296382845083, 0.33004812788717525, 0.32115894525321464, 0.30517831690532654, 0.33319126760836737, 0.34290453146413424, 0.32900928129854884, 0.3204978744393772, 0.31896180774747696, 0.3245911272530703, 0.34112580258821706, 0.33292060291644227, 0.33080440452418386, 0.31591979928852354, 0.3146505036304906, 0.340380385364454, 0.3392831102474448, 0.3332032478347267, 0.3373618288752959, 0.3158853929681877, 0.3091245398078998, 0.3286997620592412, 0.3365293344886032, 0.33214880326359547, 0.3129021006146657, 0.3211453068502169, 0.34100145685304073, 0.33245642498596417, 0.33502809780160187, 0.3167013876216927, 0.31522178895694675, 0.3419368648037468, 0.3364932782871208, 0.33513246891424836, 0.3219292621637127, 0.30916801002836725, 0.31750287991209125, 0.3389666799417477, 0.33327094580709316, 0.33644385774111013, 0.32150152387078273], "epoch250": [0.324416628817922, 0.3399622904271194, 0.33429643050911517, 0.3259407678215776, 0.3244290447112214, 0.335413992712178, 0.3299686616843508, 0.3293875486580368, 0.3280451767837878, 0.3339323186382805, 0.3261723862480872, 0.33192967231740655, 0.32933287092090874, 0.31936837440913485, 0.31433441159651454, 0.3406768714644245, 0.3326720613794229, 0.33320985196791975, 0.3280474537426664, 0.32419587410602374, 0.331443390895411, 0.33143487511221886, 0.3280497058150696, 0.32226378800942734, 0.3299618096081254, 0.33187438624421367, 0.3303041356740539, 0.3302969671401781, 0.33004054642215225, 0.315388221408903, 0.3351439919668374, 0.33036131373385813, 0.3298337745297815, 0.3291811131939446, 0.310159208541064, 0.3296613524255063, 0.3326957741963494, 0.3317991845386544, 0.32909825720737884, 0.3229774909535633, 0.3095889699827764, 0.327893076176496, 0.33180143046624877, 0.3295492047501595, 0.3306357636279667, 0.3254994510375348, 0.3217487246105351, 0.31579597432588796, 0.327637714209016, 0.332903246289676], "epoch300": [0.3324869296599908, 0.32752265942465414, 0.3282042732558299, 0.3232935384376762, 0.3198326276135199, 0.3350793746943325, 0.3286446849095452, 0.3302718078352741, 0.3262869943048537, 0.31621693550925895, 0.3173182569828231, 0.33280813970516626, 0.3291152823217138, 0.32730189580278307, 0.3244788763449364, 0.318923754483154, 0.3202519075772198, 0.3233332661623808, 0.3301605886405277, 0.3268664344069884, 0.3254303753990488, 0.31841443986007856, 0.31998766636111087, 0.32987330531336595, 0.3273389809524888, 0.3258110791752018, 0.321962660428175, 0.3220230552953543, 0.3092475367575577, 0.3232945931940963, 0.3231528146365254, 0.31970470160553155, 0.3175712995922441, 0.31527345573779225, 0.315306256726845, 0.3059346866361873, 0.3154622983072222, 0.3194024808628042, 0.3169631054720927, 0.31515887809782916, 0.31335834129569473, 0.3064413470091279, 0.3112681308357985, 0.3153980847486516, 0.31222471133949825, 0.3080594929837688, 0.30586434854674593, 0.3025793746574638, 0.30387426160045505, 0.31051782572392356], "epoch350": [0.3114544171647927, 0.3055312919248009, 0.30479014718655456, 0.30189497108312, 0.29038814724106154, 0.30317308607789656, 0.30600542137303316, 0.30294753810794073, 0.30101691324686264, 0.2967798126112555, 0.28881698293784214, 0.30510689302818056, 0.30296659193088094, 0.3020948457349208, 0.30188302065908296, 0.2999899608572733, 0.30253360044095934, 0.2873908247529845, 0.2953764734808931, 0.30535327712285154, 0.3042271656473887, 0.3025380876875415, 0.29969753156003254, 0.2987184616708265, 0.29337181196999307, 0.29507749904062336, 0.3059275190240331, 0.3036421073466231, 0.3001180798122564, 0.2988397666473978, 0.29205729359204, 0.3071482095521751, 0.30454555676155476, 0.3049402160128367, 0.3010101607165386, 0.2921699841612394, 0.30896876399050055, 0.31026004792488726, 0.30688741434480726, 0.3034310061292549, 0.29518242687294166, 0.30402133083835076, 0.312226224805891, 0.31040989000772695, 0.3102635246576721, 0.30920760594692426, 0.301886538869327, 0.3047000264998563, 0.3131137511779352, 0.31241044955155284],