{"epoch50": [0.8230931875631985, 1.1807383556955868, 1.469853476150749, 1.7240835305341744, 1.5569714909976284, 1.5249160085756757, 1.4891205694257599, 1.4313055043367997, 1.3054554032296248, 1.3353118761298581, 1.3874531320689873, 1.3033601918171358, 1.3276277301237753, 1.3303229993151635, 1.3812648635549634, 1.3579590713854919, 1.3009910534337623, 1.238642806859361, 1.2498070370290695, 1.2477242258406176, 1.2161410641424437, 1.2563368966898967, 1.1889540387183126, 1.2147439288109847, 1.283107648190764, 1.1719284266540684, 1.1455058166661207, 1.0527517340846895, 1.0291309700798743, 1.0116536691016755, 1.0789335105837004, 1.0183482489635036, 0.9925196336716724, 0.9698356986045834, 1.047113604152326, 0.9629094809600983, 0.9130474802145023, 0.9593051383175802, 0.9384698419226812, 0.9531675933562602, 0.9077893176029638, 0.9226395364889164, 0.8802978734380188, 0.8628991068023997, 0.8655375070178629, 0.8582434463746768, 0.8404035605106159, 0.8580112475709816, 0.8797873160273759, 0.8885026979692203], "epoch100": [0.8470817122262776, 0.8534861311470112, 0.8532452374389488, 0.8235378468159549, 0.8674013891170939, 0.8521256747934011, 0.8732369161143742, 0.8168378902464798, 0.8207675525822589, 0.8443986976269596, 0.8565998943810612, 0.8412202363161697, 0.8593101102052275, 0.8342422996599648, 0.8219096986288876, 0.8146050756739583, 0.7974182312021553, 0.8007514673410002, 0.8061044959677868, 0.8260583871418671, 0.8043671238053708, 0.7999143293223427, 0.7801840907519623, 0.8154648966395974, 0.796471734022357, 0.8198033085803396, 0.8052490673114341, 0.8022174128552074, 0.7873540643564205, 0.8035844208038959, 0.7792781812628522, 0.7922657801932895, 0.7916283122043016, 0.8146063445769639, 0.8024068954064673, 0.8056575821847025, 0.7712709289236168, 0.7934034823142375, 0.7784529690889967, 0.7822886428882168, 0.7969757760922932, 0.8090667005666753, 0.7822148584827933, 0.7927841513427265, 0.7810133584995859, 0.7907625086528741, 0.7976513418954674, 0.794513009258152, 0.7844404184941163, 0.7709749531500119], "epoch150": [0.7915406227111815, 0.7986178072457457, 0.7883631476421946, 0.7896645259611387, 0.7984083755729123, 0.8117030582477137, 0.8338770798801148, 0.8334255175492199, 0.8752704582263513, 0.9460367996668079, 0.9922681119024138, 1.1044568560787085, 1.2757989991571488, 1.2803382295923136, 1.3686140357833552, 1.624565332206254, 1.6044453517677861, 1.725594777421853, 1.7113741771462034, 1.884970921831033, 2.05797259955062, 1.9908251074171552, 2.081596732139588, 2.2294888226027334, 2.1691543724119047, 2.1804339492443914, 2.222997431902541, 2.390342383040596, 2.165285624179643, 2.1658662139754936, 2.6032973982624172, 2.7124919350614247, 2.249665616713848, 2.129230840918944, 2.1674916178909776, 2.4987185984542695, 2.5611306785308208, 2.2285927620130708, 2.2006939489816872, 2.3808053326360956, 2.613093034508301, 2.597198965623207, 2.258934244667132, 2.1202661843643975, 2.1792454670384998, 2.5876555934394765, 2.613817330488225, 2.539052351233886, 2.224383509036192, 2.2030521176525], "epoch200": [2.2518949299743496, 2.419377907035278, 2.363736228844554, 2.2048016663679144, 2.1964186442267026, 2.3778092566224727, 2.63046922388765, 2.429696299366116, 2.196030921542768, 2.1619127460361756, 2.257740232133374, 2.437986046997542, 2.6444038754885963, 2.3969860199800475, 2.1611464121907034, 2.214778710886376, 2.436422136641041, 2.4719436168670637, 2.4226422285296265, 2.1894342887032887, 2.2205931034284774, 2.254976420058417, 2.4673624112434, 2.4954422011817847, 2.1665844794401186, 2.0867332945164945, 2.148484520076476, 2.1549496822750442, 2.4509116841345726, 2.583186176634327, 2.3154057989415437, 2.1901441357799407, 2.2604895498334745, 2.64912164088377, 2.4944090843200684, 2.148261608536711, 2.1387741516545873, 2.163538451047289, 2.456908575038321, 2.4909316633165495, 2.1235725830510717, 2.0725184322632457, 2.1042523248908447, 2.3587019099402675, 2.4999671547683238, 2.4880098927881296, 2.124408717007982, 2.094679075418059, 2.1559062102406297, 2.415575401070191], "epoch250": [2.4541859454715382, 2.09606802094843, 2.083464248893187, 2.2471112332393206, 2.296391610017757, 2.1701450876353943, 2.130529885439529, 2.165548061587147, 2.230750818842465, 2.1169964984520195, 2.195848737795328, 2.120390186604765, 2.12275414368541, 2.3306153287592624, 2.529070564152039, 2.1621412788469767, 2.109475069439287, 2.102585429997789, 2.1615358111784633, 2.2469409667339515, 2.131317084597558, 2.103555098022382, 2.1358738289665937, 2.2054336415123688, 2.0979274130359142, 2.0576621035939646, 2.0465446341898024, 2.0560801053784563, 2.2303324237312236, 2.4455887214424674, 2.1354382529701152, 2.0945650818421653, 2.085790303564564, 2.1633541768359152, 2.4673609291155323, 2.2891787007911915, 2.1330679986894743, 2.095283252676738, 2.0944524094001546, 2.2445513513899336, 2.468257250245085, 2.2507949293274234, 2.1021486336422943, 2.0830674220606227, 2.052612211286408, 2.143249059460827, 2.2977308735405058, 2.5154429637279705, 2.24433517701847, 2.0986870539557074], "epoch300": [2.0744642916413927, 2.059115803118834, 2.067006207004036, 2.253264342386698, 2.4353621669651297, 2.127591794299097, 2.097453208313776, 2.0605457652475416, 2.1436923730004693, 2.2955844795580997, 2.408596734410709, 2.115353898903758, 2.0750193817099345, 2.069231003830113, 2.128684140972256, 2.2611125818232907, 2.3385187276859867, 2.2872417440119484, 2.101833822800941, 2.083405693781745, 2.109692553883976, 2.340702042137225, 2.367086385943225, 2.1427036118261586, 2.088165010373617, 2.08202943605246, 2.1197761678204086, 2.162114916388522, 2.346910115369816, 2.1902079434738946, 2.1268275890153703, 2.127983021981938, 2.1346881217563274, 2.1962659629349854, 2.4458157155931612, 2.523861479513424, 2.3727256883050973, 2.230839127117825, 2.1942227378333965, 2.2158387469262197, 2.2940818673556618, 2.5371921996480395, 2.4189839952999783, 2.26319537703524, 2.2473627046211475, 2.2945147224308275, 2.3940155899401803, 2.433074078609034, 2.4483394819436612, 2.3373631497019343], "epoch350": [2.3134639238573835, 2.298128961287822, 2.3279488897815184, 2.459898405468341, 2.7808489062122463, 2.500824109795167, 2.397941476290988, 2.380058558945803, 2.430497049056377, 2.6171574912120397, 2.7060347660300668, 2.4443941706234638, 2.39081260592667, 2.3685864787740813, 2.35755781045894, 2.3876406704027633, 2.534544010752256, 2.767116625284413, 2.633285881317769, 2.435215229840623, 2.386780028490677, 2.355139815930239, 2.3836500816738484, 2.470827724515778, 2.715299709556029, 2.6224349724877745, 2.4135813270647493, 2.370386268674714, 2.3868165630655187, 2.5440041109458678, 2.668448413770224, 2.40515791263777, 2.3768171207192026, 2.3849676048632755, 2.535441179865414, 2.7280950054679947, 2.4120174339137135, 2.3333553137238487, 2.3333799298276596, 2.3791464677791003, 2.5085700074421973, 2.4632718145232837, 2.318261173582569, 2.2844549356047636, 2.2753569981486526, 2.322460884900437, 2.5329602182525948, 2.489616430911821, 2.3126315578971943, 2.2603581443275362], "epoch400": [2.2769947715641305, 2.4178112093935313, 2.5332498378360393, 2.2971793376293386, 2.2457521920351633, 2.248315029537554, 2.4106690170838663, 2.7254736816760197, 2.3651157679017056, 2.248535443827049, 2.2576429868481815, 2.310580167573752, 2.4590602363507776, 2.377176604320093, 2.2443420444567175, 2.23215155748977, 2.2718877669462225, 2.4770775947374153, 2.3522380012826822, 2.2152581092008607, 2.2000049758203257, 2.18018031611885, 2.239781849163094, 2.53058158736868, 2.408914888028016, 2.208641484840629, 2.182625854138247, 2.2107603230427224, 2.263212673442879, 2.3404961689231323, 2.429829617136531, 2.2334265487710225, 2.1707018994793463, 2.1686231057668466, 2.198604126566464, 2.463430923284944, 2.4450364530701, 2.211920676772127, 2.1667396063657147, 2.2188446177649745, 2.451269120285192, 2.4816149977064614, 2.385948574420103, 2.199852496078333, 2.1583773745703945, 2.1440826052242947, 2.3182071263028172, 2.512160325787732, 2.195778640275149, 2.169944394495069],