{"epoch100": {"count_0": 101736, "count_0.5": 7083, "count_1": 63903, "unique": 15124, "overlap": 354, "crossing": 9250, "self_avoid": 6750, "loop4": 6333, "loop6": 5769, "loop8": 3753, "loop10": 2472, "loop12": 1290, "loop14": 582, "rg2": 7.069697916666667, "rg4": 94.62425664605034, "rg6": 1761.807075969908}, "epoch200": {"count_0": 103570, "count_0.5": 10137, "count_1": 63119, "unique": 15085, "overlap": 402, "crossing": 8361, "self_avoid": 7639, "loop4": 5382, "loop6": 5066, "loop8": 3596, "loop10": 2182, "loop12": 1219, "loop14": 535, "rg2": 7.01874018196099, "rg4": 93.50388119354628, "rg6": 1716.5852265346111}, "epoch300": {"count_0": 104720, "count_0.5": 11022, "count_1": 60436, "unique": 15010, "overlap": 472, "crossing": 7685, "self_avoid": 8315, "loop4": 4599, "loop6": 4554, "loop8": 2989, "loop10": 2003, "loop12": 1096, "loop14": 548, "rg2": 7.035737372218882, "rg4": 94.44303164226925, "rg6": 1749.8536973491034}, "epoch400": {"count_0": 107156, "count_0.5": 12324, "count_1": 61394, "unique": 14678, "overlap": 464, "crossing": 7144, "self_avoid": 8856, "loop4": 4189, "loop6": 4033, "loop8": 2885, "loop10": 1865, "loop12": 973, "loop14": 435, "rg2": 6.932112586099819, "rg4": 94.68751169564817, "rg6": 1773.7388770564678}, "epoch500": {"count_0": 108718, "count_0.5": 15566, "count_1": 61501, "unique": 14510, "overlap": 473, "crossing": 6813, "self_avoid": 9187, "loop4": 3964, "loop6": 3572, "loop8": 2501, "loop10": 1736, "loop12": 981, "loop14": 426, "rg2": 6.9499266966909765, "rg4": 97.08126714458737, "rg6": 1862.221045315895}, "epoch600": {"count_0": 109291, "count_0.5": 18740, "count_1": 62451, "unique": 14261, "overlap": 471, "crossing": 6327, "self_avoid": 9673, "loop4": 3554, "loop6": 3236, "loop8": 2194, "loop10": 1457, "loop12": 918, "loop14": 408, "rg2": 6.8089147950480715, "rg4": 94.18758489900003, "rg6": 1788.0360006257763}, "epoch700": {"count_0": 110099, "count_0.5": 23393, "count_1": 61807, "unique": 14094, "overlap": 513, "crossing": 5972, "self_avoid": 10028, "loop4": 3378, "loop6": 3079, "loop8": 2130, "loop10": 1408, "loop12": 805, "loop14": 344, "rg2": 6.823524599870363, "rg4": 96.22505768637853, "rg6": 1841.6217218466284}, "epoch800": {"count_0": 107453, "count_0.5": 23030, "count_1": 60361, "unique": 14128, "overlap": 509, "crossing": 6015, "self_avoid": 9985, "loop4": 3510, "loop6": 3019, "loop8": 2061, "loop10": 1320, "loop12": 789, "loop14": 389, "rg2": 6.846416499749624, "rg4": 96.23690957578947, "rg6": 1840.3130047437603}, "epoch900": {"count_0": 108270, "count_0.5": 23827, "count_1": 60357, "unique": 13981, "overlap": 528, "crossing": 5655, "self_avoid": 10345, "loop4": 3121, "loop6": 2848, "loop8": 1889, "loop10": 1253, "loop12": 803, "loop14": 349, "rg2": 6.8376298936684385, "rg4": 96.84849193309343, "rg6": 1864.1599175116244}, "epoch1000": {"count_0": 109141, "count_0.5": 24244, "count_1": 60423, "unique": 13696, "overlap": 482, "crossing": 5639, "self_avoid": 10361, "loop4": 3201, "loop6": 2732, "loop8": 1806, "loop10": 1189, "loop12": 719, "loop14": 308, "rg2": 6.723070589228839, "rg4": 95.64414252421189, "rg6": 1849.2191900846615}, "epoch1100": {"count_0": 108354, "count_0.5": 24964, "count_1": 61665, "unique": 13717, "overlap": 486, "crossing": 5649, "self_avoid": 10351, "loop4": 3225, "loop6": 2743, "loop8": 1975, "loop10": 1158, "loop12": 726, "loop14": 286, "rg2": 6.635414150806685, "rg4": 93.40905210981276, "rg6": 1787.0961323449628}, "epoch1200": {"count_0": 108969, "count_0.5": 26431, "count_1": 60797, "unique": 13641, "overlap": 532, "crossing": 5475, "self_avoid": 10525, "loop4": 3075, "loop6": 2720, "loop8": 1775, "loop10": 1076, "loop12": 730, "loop14": 306, "rg2": 6.621318289786223, "rg4": 92.65407377338182, "rg6": 1759.2954501453319}, "epoch1300": {"count_0": 109160, "count_0.5": 26404, "count_1": 61233, "unique": 13473, "overlap": 507, "crossing": 5513, "self_avoid": 10487, "loop4": 2926, "loop6": 2603, "loop8": 1803, "loop10": 1141, "loop12": 695, "loop14": 296, "rg2": 6.611811051778393, "rg4": 93.9037040884324, "rg6": 1812.183210917102}, "epoch1400": {"count_0": 109332, "count_0.5": 26406, "count_1": 61813, "unique": 13455, "overlap": 527, "crossing": 5480, "self_avoid": 10520, "loop4": 2923, "loop6": 2602, "loop8": 1839, "loop10": 1169, "loop12": 700, "loop14": 287, "rg2": 6.5342999940589355, "rg4": 92.23434695979941, "rg6": 1773.2928728628067}, "epoch1500": {"count_0": 110761, "count_0.5": 27028, "count_1": 61399, "unique": 13358, "overlap": 496, "crossing": 5298, "self_avoid": 10702, "loop4": 2835, "loop6": 2512, "loop8": 1811, "loop10": 1179, "loop12": 642, "loop14": 286, "rg2": 6.531785822743412, "rg4": 93.05340348045706, "rg6": 1805.853453783293}}