{"epoch100": {"count_0": 105632, "count_0.5": 7327, "count_1": 57357, "unique": 14369, "overlap": 411, "crossing": 8401, "self_avoid": 7599, "loop4": 5484, "loop6": 4943, "loop8": 3333, "loop10": 2369, "loop12": 1320, "loop14": 581, "rg2": 7.390914923016187, "rg4": 97.13257611828551, "rg6": 1747.739025985305}, "epoch200": {"count_0": 100002, "count_0.5": 7359, "count_1": 62864, "unique": 14154, "overlap": 376, "crossing": 9056, "self_avoid": 6944, "loop4": 5923, "loop6": 6376, "loop8": 4433, "loop10": 2652, "loop12": 1526, "loop14": 651, "rg2": 7.307864703341014, "rg4": 94.97190081688666, "rg6": 1699.1633525986551}, "epoch300": {"count_0": 82309, "count_0.5": 6953, "count_1": 84524, "unique": 14121, "overlap": 155, "crossing": 12951, "self_avoid": 3049, "loop4": 18206, "loop6": 10014, "loop8": 5539, "loop10": 3433, "loop12": 1989, "loop14": 880, "rg2": 6.574524946703837, "rg4": 75.85186903701137, "rg6": 1197.7231651034344}, "epoch400": {"count_0": 99696, "count_0.5": 7149, "count_1": 64070, "unique": 14395, "overlap": 348, "crossing": 10046, "self_avoid": 5954, "loop4": 7567, "loop6": 7361, "loop8": 4608, "loop10": 2655, "loop12": 1589, "loop14": 704, "rg2": 7.069151253359086, "rg4": 88.31365996525118, "rg6": 1512.0628778566079}, "epoch500": {"count_0": 84243, "count_0.5": 7298, "count_1": 78488, "unique": 14211, "overlap": 228, "crossing": 12112, "self_avoid": 3888, "loop4": 15171, "loop6": 8507, "loop8": 5762, "loop10": 2656, "loop12": 1758, "loop14": 818, "rg2": 6.778744293338478, "rg4": 79.77813781926662, "rg6": 1282.8446007821049}, "epoch600": {"count_0": 94196, "count_0.5": 6439, "count_1": 76289, "unique": 13098, "overlap": 223, "crossing": 11870, "self_avoid": 4130, "loop4": 12870, "loop6": 6909, "loop8": 6420, "loop10": 3248, "loop12": 2163, "loop14": 864, "rg2": 6.564100332929782, "rg4": 76.427709340241, "rg6": 1232.7396464370931}, "epoch700": {"count_0": 99149, "count_0.5": 6957, "count_1": 68929, "unique": 13941, "overlap": 317, "crossing": 10360, "self_avoid": 5640, "loop4": 10590, "loop6": 6808, "loop8": 4105, "loop10": 2446, "loop12": 1268, "loop14": 520, "rg2": 7.35192265070922, "rg4": 96.28493972670103, "rg6": 1729.1972359258232}, "epoch800": {"count_0": 106230, "count_0.5": 7080, "count_1": 59728, "unique": 14146, "overlap": 353, "crossing": 9754, "self_avoid": 6246, "loop4": 7052, "loop6": 7537, "loop8": 3950, "loop10": 2338, "loop12": 1226, "loop14": 522, "rg2": 7.519977785782901, "rg4": 101.97101983159847, "rg6": 1904.8825107069683}, "epoch900": {"count_0": 91412, "count_0.5": 7747, "count_1": 67695, "unique": 14494, "overlap": 287, "crossing": 10915, "self_avoid": 5085, "loop4": 11630, "loop6": 7676, "loop8": 4191, "loop10": 2084, "loop12": 1305, "loop14": 560, "rg2": 7.2452894542772865, "rg4": 91.03777861318522, "rg6": 1545.7549307257727}, "epoch1000": {"count_0": 102939, "count_0.5": 6875, "count_1": 64282, "unique": 13657, "overlap": 344, "crossing": 9172, "self_avoid": 6828, "loop4": 6326, "loop6": 6096, "loop8": 3440, "loop10": 1980, "loop12": 1198, "loop14": 522, "rg2": 7.486385334285296, "rg4": 96.90030869951566, "rg6": 1692.0518885550614}, "epoch1100": {"count_0": 100867, "count_0.5": 7141, "count_1": 64669, "unique": 13680, "overlap": 289, "crossing": 10632, "self_avoid": 5368, "loop4": 9088, "loop6": 7922, "loop8": 5001, "loop10": 3481, "loop12": 1661, "loop14": 734, "rg2": 7.135168766300298, "rg4": 91.87938478700094, "rg6": 1643.147881859372}, "epoch1200": {"count_0": 86598, "count_0.5": 7623, "count_1": 74454, "unique": 14669, "overlap": 275, "crossing": 11512, "self_avoid": 4488, "loop4": 13822, "loop6": 8476, "loop8": 4326, "loop10": 2464, "loop12": 1476, "loop14": 590, "rg2": 7.073816636029412, "rg4": 87.86448649034143, "rg6": 1484.230175784246}, "epoch1300": {"count_0": 98330, "count_0.5": 6813, "count_1": 70042, "unique": 13929, "overlap": 281, "crossing": 10929, "self_avoid": 5071, "loop4": 9107, "loop6": 8705, "loop8": 4823, "loop10": 2687, "loop12": 1760, "loop14": 739, "rg2": 6.910335732597121, "rg4": 84.21393338615103, "rg6": 1416.3507265652502}, "epoch1400": {"count_0": 101268, "count_0.5": 7702, "count_1": 57879, "unique": 13922, "overlap": 364, "crossing": 9414, "self_avoid": 6586, "loop4": 5596, "loop6": 7845, "loop8": 3793, "loop10": 2360, "loop12": 1585, "loop14": 583, "rg2": 7.180659021029457, "rg4": 91.0742817776492, "rg6": 1588.9806114358812}, "epoch1500": {"count_0": 96361, "count_0.5": 7237, "count_1": 68222, "unique": 14262, "overlap": 312, "crossing": 10010, "self_avoid": 5990, "loop4": 9655, "loop6": 6017, "loop8": 4320, "loop10": 2640, "loop12": 1520, "loop14": 679, "rg2": 7.215881938647747, "rg4": 90.78704107472414, "rg6": 1554.5928449219177}, "epoch1600": {"count_0": 103687, "count_0.5": 7450, "count_1": 58996, "unique": 14418, "overlap": 352, "crossing": 9496, "self_avoid": 6504, "loop4": 8577, "loop6": 6092, "loop8": 4264, "loop10": 2352, "loop12": 1422, "loop14": 630, "rg2": 7.628578326798893, "rg4": 103.00832299376766, "rg6": 1906.3606699346617}, "epoch1700": {"count_0": 100176, "count_0.5": 7761, "count_1": 59798, "unique": 14426, "overlap": 339, "crossing": 9474, "self_avoid": 6526, "loop4": 7563, "loop6": 7143, "loop8": 4626, "loop10": 2960, "loop12": 1487, "loop14": 665, "rg2": 7.374602551333129, "rg4": 97.33196609969377, "rg6": 1769.3136147676785}, "epoch1800": {"count_0": 103306, "count_0.5": 7179, "count_1": 63610, "unique": 14117, "overlap": 298, "crossing": 10518, "self_avoid": 5482, "loop4": 9589, "loop6": 7725, "loop8": 4577, "loop10": 2811, "loop12": 1547, "loop14": 582, "rg2": 7.267982146114557, "rg4": 97.39072311050654, "rg6": 1823.3262122814258}, "epoch1900": {"count_0": 100429, "count_0.5": 7022, "count_1": 66707, "unique": 14533, "overlap": 330, "crossing": 10041, "self_avoid": 5959, "loop4": 7759, "loop6": 6383, "loop8": 4947, "loop10": 2486, "loop12": 1291, "loop14": 528, "rg2": 7.066351841751972, "rg4": 87.76206748720423, "rg6": 1492.160604713467}, "epoch2000": {"count_0": 104471, "count_0.5": 7515, "count_1": 56695, "unique": 14515, "overlap": 378, "crossing": 8672, "self_avoid": 7328, "loop4": 6001, "loop6": 6540, "loop8": 3540, "loop10": 2165, "loop12": 1224, "loop14": 504, "rg2": 7.6023834095251095, "rg4": 103.6954219768141, "rg6": 1938.0343596880614}}