{"epoch2100": {"count_0": 106386, "count_0.5": 12096, "count_1": 67601, "unique": 14234, "overlap": 415, "crossing": 8087, "self_avoid": 7913, "loop4": 9330, "loop6": 5964, "loop8": 4257, "loop10": 2476, "loop12": 1422, "loop14": 628, "rg2": 7.656965792051055, "rg4": 105.56137658443039, "rg6": 1991.4007855979619}, "epoch2200": {"count_0": 107626, "count_0.5": 8467, "count_1": 71178, "unique": 13786, "overlap": 376, "crossing": 9284, "self_avoid": 6716, "loop4": 10871, "loop6": 7166, "loop8": 4767, "loop10": 2968, "loop12": 1704, "loop14": 744, "rg2": 7.638468303305539, "rg4": 104.32940955556809, "rg6": 1968.9576922305075}, "epoch2300": {"count_0": 104873, "count_0.5": 11445, "count_1": 66482, "unique": 14056, "overlap": 383, "crossing": 8775, "self_avoid": 7225, "loop4": 9326, "loop6": 6247, "loop8": 4076, "loop10": 2456, "loop12": 1465, "loop14": 634, "rg2": 7.52538062283737, "rg4": 100.97902404573962, "rg6": 1859.5344398231903}, "epoch2400": {"count_0": 105377, "count_0.5": 11377, "count_1": 64076, "unique": 14003, "overlap": 378, "crossing": 8439, "self_avoid": 7561, "loop4": 8577, "loop6": 6122, "loop8": 4086, "loop10": 2357, "loop12": 1477, "loop14": 613, "rg2": 7.586938731649253, "rg4": 102.57794952291674, "rg6": 1906.7828878659511}, "epoch2500": {"count_0": 105540, "count_0.5": 10705, "count_1": 65231, "unique": 14023, "overlap": 391, "crossing": 8891, "self_avoid": 7109, "loop4": 8175, "loop6": 6096, "loop8": 3971, "loop10": 2306, "loop12": 1385, "loop14": 562, "rg2": 7.4903269623013085, "rg4": 99.63648856958939, "rg6": 1811.5387049705976}}