{"epoch100": [3.8607201119670456, 3.927052375910529, 2.525885181201388, 1.6505794398620008, 1.2417109730603433, 1.0071687078689362, 0.8966443582873823, 0.8057470391778376, 0.8132582342685637, 0.8003785143727854, 0.8251392076844764, 0.8743051314902716, 0.839164437235469, 0.835556842329557, 0.8193950151543484, 0.8142851412753609, 0.8170059958992105, 0.8464333944003589, 0.8068742168224068, 0.7660931221511973, 0.7521093501459301, 0.7486202693961155, 0.7865814296790707, 0.7708642439311717, 0.7634706335604349, 0.7743700578846889, 0.7541611138969423, 0.767554360353732, 0.7639830187153628, 0.7927276638462715, 0.7921728481874442, 0.7822783928545538, 0.7781167277289772, 0.7684428043987442, 0.7624073502657667, 0.7635336850610234, 0.7552290045086997, 0.7509053359403628, 0.7565772714059972, 0.758560854836803, 0.7638330032758398, 0.7702283526168142, 0.7753566486756213, 0.7753964707522136, 0.7757190978892922, 0.7988296488819229, 0.803201260240486, 0.8228291443851592, 0.8483990158723751, 0.8764705986470511, 0.900890760028453, 0.9314619972730218, 0.9670292080363355, 0.9878019267488333, 1.0131122645209811, 1.0296394181678363, 1.0661587918658377, 1.1029450452846028, 1.1320809289012723, 1.1675556699180838, 1.2050573985899795, 1.2622502336416699, 1.2879305105380094, 1.3122563711212725, 1.3188536046715944, 1.3265966644982223, 1.3400593785678643, 1.3388113019716406, 1.346232719281141, 1.353275140837939, 1.339096974076519, 1.3304635411333248, 1.3069928264069117, 1.3030988663968535, 1.275357528415787, 1.2813356902898114, 1.2728701964058824, 1.2572249863153844, 1.2557587436093087, 1.2390169714722832, 1.2426816895794692, 1.2342570556704062, 1.2249075887758105, 1.2251850294944877, 1.214669485683637, 1.212965616865842, 1.2047641889366028, 1.2189035166407487, 1.2194031883993415, 1.204009959764797, 1.2221149081159424, 1.206404859757486, 1.211033496710347, 1.200505498272683, 1.2160656054306525, 1.2063209020420718, 1.2079688809107034, 1.212074709822761, 1.2342469846196178, 1.2345326024553052, 1.236008391508361, 1.2412171840972592], "epoch200": [1.2633653795322788, 1.2690513368762666, 1.2833264666750015, 1.2672516851473938, 1.2905378870646975, 1.2938042603185393, 1.2932629945028165, 1.3170446075136997, 1.313288231182585, 1.3111563640482287, 1.3211773217791491, 1.3335435872187706, 1.3418671886634341, 1.3436315164846517, 1.3589260854074723, 1.3589221202504, 1.3721491420055596, 1.3933622244069028, 1.4070616285209459, 1.4125871293989893, 1.438868572339987, 1.4184684969884975, 1.4259201346151036, 1.4277609632448132, 1.430565840752838, 1.4336345738462186, 1.4537864205477486, 1.4573420950823721, 1.4498537385555177, 1.472601316164218, 1.444107806896008, 1.4677656963658152, 1.4752315907831985, 1.4417629700792414, 1.4520491451558568, 1.507469210325909, 1.4677766082841721, 1.4597142850956348, 1.4514298067068494, 1.4603543990408385, 1.4691087022766725, 1.4862486457885693, 1.4824604004850188, 1.4932417305534138, 1.493392928786899, 1.5158366756061155, 1.5388540244468352, 1.5428783103938013, 1.521610424189313, 1.5373465112408093, 1.55868464967479, 1.5376257096105208, 1.5364031509670137, 1.5565859917789457, 1.5388680143124633, 1.5560695417701742, 1.5363664183470287, 1.5292150766953188, 1.5594704715187289, 1.5611696150296777, 1.5567614879754488, 1.5613007571386257, 1.5503801258323748, 1.5520147911423021, 1.5788849026650726, 1.6052535732688822, 1.5993682609494708, 1.591467442872272, 1.6133299494338476, 1.6210245845262958, 1.6015427146116483, 1.6213611702784843, 1.6131626843186597, 1.6179756453579939, 1.6290664506690287, 1.6279470472384612, 1.638674420926271, 1.6545186152543556, 1.6718027151149253, 1.6473835885067434, 1.663745066089095, 1.6621766126979047, 1.6724673332765565, 1.701828900353071, 1.7080216863576112, 1.6919601736471164, 1.716612280634663, 1.7564103594216554, 1.7350638145985793, 1.7386873382741546, 1.7665497477707035, 1.7556038046127076, 1.7785295011747242, 1.7736738081783283, 1.7886559832126583, 1.791964677288709, 1.8336213874390057, 1.8116460739804015, 1.8195410291557104, 1.8430293085020213, 1.8626841972855972, 1.8781647485540371], "epoch300": [1.8617340881196427, 1.8801216943489623, 1.8983122550922902, 1.898549350021442, 1.8875180130724396, 1.917154214876081, 1.9319451122027853, 1.9101657015283395, 1.9569143890724776, 1.9849226000668743, 1.932494100402383, 1.9470088701418922, 1.9461181185129663, 1.9594422569665153, 1.989458280603596, 1.9858032635715617, 2.028591091980408, 2.0701348781585702, 2.0822731614722625, 2.015863835506735, 2.0451936352893223, 2.0223357153060793, 2.0412703194581634, 2.0349081986395614, 2.034271777743266, 2.0544471144676195, 2.074968967443842, 2.0706559858663613, 2.0878811810937368, 2.0619917504317935, 2.047304132253005, 2.0968483719984294, 2.099659965776116, 2.099296748180827, 2.094756113598718, 2.1271492829713057, 2.12538281288903, 2.131690370609692, 2.1261794129600884, 2.1321941981535115, 2.1514024992123293, 2.1358679664104514, 2.170555876648947, 2.1830331001745136, 2.1903117846345026, 2.1726634532899225, 2.202405782611782, 2.188917202108048, 2.1768477802996125, 2.17029571838086, 2.176856489437622, 2.1861340362397637, 2.1956498270754308, 2.1759614761528154, 2.2162349396349534, 2.234324933622808, 2.2362819971026067, 2.2432415541785455, 2.2384242413903763, 2.2503960868891535, 2.231289014791896, 2.2623211142352164, 2.2956311053327285, 2.319309472732836, 2.304791584801493, 2.3123133379175207, 2.299394449614504, 2.3115732374093736, 2.292920748138671, 2.3211000093718592, 2.3348979059692554, 2.3107611968389263, 2.3282674104356413, 2.3209638023925234, 2.3156985305154403, 2.3015707350143075, 2.3088756459753235, 2.3278449563419112, 2.351040872923862, 2.3334582728498106, 2.3273018839414195, 2.3651916361830736, 2.346300236404398, 2.3352217812977174, 2.3500064253197324, 2.3857983356851467, 2.376353742978761, 2.4341617888196954, 2.4399168052331888, 2.4114836725737465, 2.3579122844864324, 2.3682463163000205, 2.3703656193545415, 2.3566361551394546, 2.388666509972206, 2.370513362500367, 2.3894293050631843, 2.3757311909095113, 2.3817508312137496, 2.364593910591683, 2.3571881330226705, 2.3754099529722437],