{"epoch900": [0.8923775172111467, 0.854843758590395, 0.8217277724520045, 0.8243673064491971, 0.9165895830806483, 0.8939562580344312, 0.8712405019014038, 0.9216432843867712, 1.0177985287048448, 0.9860081787146018, 1.0511472024471902, 1.1012635768299366, 1.1837617630537278, 1.13447883087908, 1.066202288400501, 1.2156268309386824, 1.3714220903136523, 1.2206696375689354, 1.35124172405763, 1.3910746814804709, 1.240731356543859, 1.014546642993384, 0.9869731466993023, 0.8817508549604769, 0.8647289841642148, 0.8687808747175553, 0.8685180398321947, 0.8714173922312847, 0.8762216215402302, 0.8249872097132609, 0.8888255173051857, 0.9289465143647, 1.0127639100432546, 1.0614524160854024, 1.072789653696872, 1.1967666149902585, 1.215185541883778, 1.1283846703595288, 1.0953069099543506, 1.1395851937665231, 0.9830604255123118, 1.0384421717952672, 1.0480588072393375, 0.9733453850892696, 0.9584379361777855, 0.9455282300443566, 0.9236795075724265, 0.9991090364859139, 0.9023344454173092, 1.015275511637846, 1.0606713771972716, 1.1603716347800628, 1.2147142254436214, 1.130063668255923, 1.0723784499528606, 0.9976465599027087, 1.1001734517600577, 1.049995602245673, 0.9556475098551319, 0.8945783082868005, 0.8726936500142705, 0.8505675340126173, 0.8923239775106941, 0.9498831746520211, 1.004568929250963, 0.9862657083286666, 0.9134474821035754, 0.8750675773193219, 0.8580438320676433, 0.8569333766242457, 0.855874042733836, 0.8717251646686613, 0.827538307360284, 0.8724673665134618, 0.965136041790819, 1.0801257096545798, 1.1349848663761126, 1.0785969293529651, 1.1193595401150918, 1.1718583775543507, 1.225522778098317, 1.2168598812307192, 1.2634749149238236, 1.2638433020032465, 1.0687131751972638, 1.1676497723473163, 1.3113405151190138, 1.2320614483841852, 1.390468220780965, 1.718359476472901, 1.8618175206507979, 2.113497230673875, 2.4332361772332067, 2.6187665804400218, 3.001210837907585, 3.1467376750501503, 3.516057655234338, 3.770285942490367, 3.9931153750450163, 4.185994628449565], "epoch1000": [4.039731576103864, 3.8475380725347756, 4.059427672861178, 4.548097476763852, 2.551762745413983, 1.7510878977183355, 1.4430989575752398, 1.3027947508418742, 1.023353021215079, 0.8953614139526352, 0.9048182537705279, 0.9085134825694277, 0.9288501087743093, 0.9035485454008615, 0.919847596088536, 0.9735281451410883, 1.0347798952067249, 0.978542755950581, 1.0549179115612886, 1.0438437532065923, 1.0175531165395277, 1.0291759070299964, 1.1145830658883338, 1.0307580131879996, 0.8678018920094945, 1.0043950710498113, 1.0953995429752108, 1.2327708614162527, 1.3155120522661499, 1.3902154747258377, 1.0941935680739852, 1.0580079715016872, 1.0592068639821193, 0.9754051916425265, 0.9137528015159923, 0.9008422061209489, 0.9333868414430706, 0.9773974554486833, 1.0074470372114548, 0.9766528008460392, 0.9403433269331001, 0.9744624068886627, 0.9945480581587631, 0.9486134584215626, 1.0241432255575207, 1.0044436073944316, 1.0519678209563685, 1.1254754359529802, 1.0239047212728913, 0.9640861233736875, 0.8644881978077718, 0.8864322816821891, 1.0211225352732995, 0.9356279467040546, 0.8722209097023341, 0.9364411830138927, 0.9244467344387852, 0.9020014513622628, 0.8970378022187813, 0.9012873437584751, 1.0142863856082394, 0.9452616312134435, 1.001506358881155, 1.0506695771492092, 1.0483513126452657, 1.087300342267973, 1.1266394193438047, 1.283838408094058, 1.3179388253087443, 1.3540988114212904, 1.187350236881101, 1.0765383114582743, 1.1507107948982147, 1.3206570399555446, 1.2590619735467443, 1.206215736579041, 1.0469770058321732, 0.8350561079539353, 0.8166692408801034, 0.8330785638238956, 0.8363318429561039, 0.9200832327105172, 0.8941991758102327, 0.9206671665938964, 1.0088744703847219, 1.1213012361343324, 1.1972700181904898, 1.0704465454274956, 1.137682668836107, 1.20636220732358, 1.1412103689739568, 1.1900179833364533, 1.156393013446188, 1.25942943931084, 1.299053342791129, 1.1742745811899546, 1.2693790182871956, 1.3603228685492568, 1.4204900186132066, 1.3571446386861146], "epoch1100": [1.0683473823317793, 0.9194698566511247, 1.0285090440061435, 1.019340066155765, 1.0335111141052202, 1.041353954930006, 1.1160087560264165, 1.2134006169175062, 1.3707638162351576, 1.4068153147202915, 1.389618865582763, 1.3895163950480518, 1.480354532313256, 1.4910044305303187, 1.4247421988604474, 1.4701266395603032, 1.4681847515240534, 1.5470617808086768, 1.6178535850344185, 1.8456528646234656, 1.6974014117073615, 1.7703858102634844, 2.0953762129845925, 2.3103936890786474, 2.5510936512989795, 2.6950176391039844, 2.7308620470891998, 2.7125042499867074, 2.7438028072425578, 2.7248512779704788, 2.917420787481584, 3.0060507036201796, 3.398927773159388, 3.3402800608841323, 3.2179098397913135, 3.1380222896913, 3.3158949895949137, 3.270028318088884, 2.6071621040681294, 2.495052503409978, 2.264040743190405, 1.916391725424155, 1.9042158865592842, 1.8499524585721416, 1.9368242817560035, 2.109406926873093, 1.6179428551627497, 1.1539127598498753, 1.0657651651073503, 1.0587980892990976, 1.051936735416955, 1.1291242943988404, 0.9750285987359455, 0.8741150896772067, 0.8798221461141005, 0.8724049699138587, 0.9361897229232488, 0.9854439415333366, 1.0091716918078346, 1.0923835455837079, 1.0064951906436237, 1.1060417099890425, 1.4451354822947642, 1.6266670726172903, 1.782100521342858, 1.882568064328191, 2.114525345773001, 2.5416956872854564, 2.424459737333232, 2.487622237236035, 2.595886638161468, 2.3891626106486883, 2.53843798100109, 2.4491744375717275, 2.7191122654305535, 2.802189703482214, 2.8399269354938674, 2.9602676034736892, 3.3362248127042218, 3.4751759839271616, 3.6312500453636427, 3.036848988942088, 3.234298816868957, 3.716364551292643, 3.934738255340827, 4.130533567311364, 3.846715894765038, 4.055010714085244, 4.332121590798705, 4.2765232436025045, 4.786181423026074, 4.4209353939061335, 4.969933127319006, 4.9732188488548745, 4.5882458863887265, 4.856308808247352, 5.042935101842449, 5.194579720649774, 5.447318097845996, 5.381218484666067], "epoch1200": [5.634476784402057, 5.792748399946979, 5.116855889367997, 5.361175206192934, 5.792584364911812, 5.504839469772906, 5.565476931622019, 5.7940858897112735, 5.27804355004686, 3.175777508568368, 3.205016924690804, 3.362914832697636, 3.7544977820636984, 3.6203089148073277, 4.033737208260158, 4.079006822100069, 4.489638904603278, 4.7114722365453785, 4.7244926939853205, 4.388037030736552, 4.715662918994429, 5.089983582954556, 4.9785798029466095, 4.9816888297565765, 4.8497271766735786, 2.8817563994135322, 2.053545014348442, 2.3158619165725804, 2.382147087483032, 2.3738157234790194, 2.260150152192989, 2.3874383395521055, 2.4317231839200746, 2.838025523514206, 3.0538956435175484, 3.2595700833006793, 3.311106703192877, 3.5321900615618858, 3.912945135912731, 4.501071131336241, 4.8703520450640925, 4.885594866797807, 4.973090788466374, 5.41590452621597, 5.455094787436464, 5.062487042972888, 5.136538995823388, 5.53182986512226, 5.41392338016427, 5.873023135713972, 6.316378019530705, 5.84370643381272, 5.930597546463896, 5.863566979861284, 6.036218654788876, 6.013215903283387, 5.745711909976717, 6.163855107584618, 4.202153123447743, 2.510363575438381, 2.6728784280916194, 2.4344498758584714, 1.6591549218845745, 1.5513690133100888, 1.381510954431322, 1.4258044815399284, 1.3003352697313832, 0.970144696104389, 0.9371586834270117, 0.9928939494372331, 0.9375182405476685, 1.0905491328880517, 1.2604666955950323, 1.282611225387046, 1.4160301796758086, 1.5226665085012265, 1.2801336919299762, 1.3116383098456976, 1.4692248419671299, 1.605333127377127, 1.592847989783854, 1.4230165301456046, 1.4455352142434121, 1.6008246796689816, 1.685825069338353, 2.003282783736647, 2.07986546356455, 2.109594265874312, 1.993537020973299, 1.7160891586015548, 1.7585793559590912, 1.7598771076654176, 1.5695895394656165, 1.5220460806247058, 1.6916504252735372, 1.9128973291717017, 2.2074436875830523, 2.388460815029169, 2.3706152756601844, 2.434493262697577],