{"epoch50": [0.4594303685979744, 0.2275389844609291, 0.20456040934803563, 0.2022176215943602, 0.2012614209934608, 0.20133652960516743, 0.20045415657697266, 0.2003643073372005, 0.20020804223940544, 0.20001631160986788, 0.20010554329636168, 0.2003596136250447, 0.2000218800355478, 0.1999326174713901, 0.19993056648785304, 0.19995598479644544, 0.19995037320348405, 0.1996023126484192, 0.19968880712985998, 0.199631198933444, 0.19925710989027906, 0.1996661372405966, 0.19968835932692308, 0.19971745806871008, 0.19958157053927783, 0.19971250427752427, 0.1996082406990307, 0.19977224579791428, 0.19938990627367478, 0.19957823759501747, 0.1994188739774153, 0.19936760430483483, 0.1995784649529408, 0.199691047219886, 0.1998012554399746, 0.19980032142904613, 0.19963192862948193, 0.19966819667324578, 0.19982153207985395, 0.1991763256259801, 0.1994752195692554, 0.19954732121880522, 0.19918230145247945, 0.19936418026378472, 0.19931008597624666, 0.19960205963591937, 0.1994067470437473, 0.19936567437402977, 0.199678019764497, 0.19941633893656974], "epoch100": [0.20131888939547785, 0.1997149204163208, 0.19927758746540422, 0.1999266275118307, 0.19990550365644633, 0.19951961719498193, 0.19941609575576394, 0.19953885628390552, 0.19923211403728758, 0.19958039457650528, 0.19921736388476863, 0.19912221444021797, 0.19922992725347735, 0.19975188804655955, 0.19947213211010423, 0.19897644068162468, 0.1993338046307416, 0.1995924053732882, 0.1992376079571615, 0.1993978412188206, 0.19975123208822657, 0.19959826291221938, 0.19968238764816956, 0.199573456933818, 0.19911900915435907, 0.19970995494999827, 0.19968100168655825, 0.19970854133674773, 0.19923668439240805, 0.1995570547494691, 0.19969086164666222, 0.19941941625678655, 0.19934354415259414, 0.19940742297270864, 0.1989825298798453, 0.19953290150337616, 0.19932726225287647, 0.19915813023282078, 0.19916886644265078, 0.19943620679304766, 0.19949190641186906, 0.19937830472115387, 0.1992957057412138, 0.19943440098737933, 0.19968126468437236, 0.19944466850192286, 0.1996569894638258, 0.19942437972604604, 0.19939731076820616, 0.19955851721394924], "epoch150": [0.20171316306001125, 0.1993291166025338, 0.19938495094628667, 0.19916571200508432, 0.1992397551069554, 0.19923730424998967, 0.19923456781303758, 0.19930751283758696, 0.19972236346952688, 0.1994269539400475, 0.19919681149659693, 0.19930889726299605, 0.19921579050649066, 0.19925963801821478, 0.19932623760601903, 0.19931513962057448, 0.19954081678513405, 0.19922715195061, 0.1994845072940452, 0.19926144658904713, 0.19908909960505888, 0.1990687885542506, 0.1991416799653436, 0.19904703132270535, 0.1994076796720938, 0.19937616402340916, 0.19925378877477554, 0.1996757959582141, 0.19940762744121937, 0.19918148296395521, 0.1991768374885481, 0.199225766142619, 0.19917473872912297, 0.19935856728824142, 0.19928815791901852, 0.19904420624688735, 0.1992391553736224, 0.19952891444422527, 0.1994846157499196, 0.19933562441584995, 0.19957531251243713, 0.19887693395319683, 0.19927966640782113, 0.19906617593519468, 0.199630069056737, 0.19928310150952683, 0.19915022094225152, 0.19893797371805336, 0.19922275242117257, 0.19948950394527198], "epoch200": [0.2012723209624438, 0.19889508341391057, 0.1992829004206608, 0.19945339443757357, 0.19927835664183838, 0.1993944260877432, 0.19896976619037157, 0.19918024294155168, 0.1994987314509361, 0.19913323269676914, 0.19926244696390988, 0.19888517229827407, 0.19951778634921796, 0.19922188707848187, 0.198872496940426, 0.1991134588558649, 0.19923630587218968, 0.19911086989432253, 0.19936399192539692, 0.1994543897429693, 0.19964279971786375, 0.19888689253748076, 0.19875676714882407, 0.19899587701890892, 0.19907953044802867, 0.19900368077238814, 0.1991219185676772, 0.19892786366423382, 0.1990407422645805, 0.19912468035196518, 0.1993399866155742, 0.1989808251562806, 0.19907264442173472, 0.19922351069057112, 0.19883755064502204, 0.19898662262970643, 0.1990886935868214, 0.19910503739548713, 0.19907433777740316, 0.19913671895400764, 0.1989967360631707, 0.19939576703863046, 0.19894427368321374, 0.19935361672308025, 0.19889390545407518, 0.19924328407061467, 0.19880761528752516, 0.19872572925901905, 0.19914061599171046, 0.19906503438335105], "epoch250": [0.20080781075143328, 0.19932286072637617, 0.19890874977578818, 0.1991073682750623, 0.19923582611624724, 0.19945816373087696, 0.19899259569104183, 0.1989129926126028, 0.19896585240806502, 0.1989763128696029, 0.19894491781278986, 0.19901085145694686, 0.19908984189795453, 0.19905427528410843, 0.1990131293375468, 0.198891973218967, 0.19898572241522605, 0.19885773449828942, 0.19932790469263023, 0.19918271238656393, 0.19959150546604823, 0.1991460512286609, 0.19903479654764394, 0.1992705358365146, 0.1991548662640385, 0.19912717683413597, 0.19912180365975363, 0.19922226314077662, 0.19873984787881985, 0.19901527387579696, 0.19932940325786158, 0.19927232443671852, 0.1992431468877596, 0.19919984810745595, 0.19865876666663848, 0.1990161243173264, 0.19912536350107682, 0.198995867955316, 0.1988624140773852, 0.19884560479945748, 0.19923520272540066, 0.19920814390649505, 0.19916131170754586, 0.19890537750475176, 0.19857840977378727, 0.19903400064129192, 0.19889476603453923, 0.19943009624161664, 0.19913242388631877, 0.1995678551725506], "epoch300": [0.20143954194698147, 0.1990199201193052, 0.19920549411134625, 0.1991258166807214, 0.19894628457187383, 0.1991604180987348, 0.19922542648831593, 0.19883542822808334, 0.1989267425438792, 0.19900174116350938, 0.1990661023511099, 0.19914524764129807, 0.19897961201741515, 0.19877691059997396, 0.19907095060520566, 0.19914019522593193, 0.19877444315202458, 0.1990686482989911, 0.1991077017845566, 0.1992019118414712, 0.19903339368780865, 0.1986633440882889, 0.1991137452039522, 0.1989119868610323, 0.19885504245758062, 0.19871653017309523, 0.19877873330386642, 0.19897233487404498, 0.1994790662195265, 0.1990361053919055, 0.19890530269170548, 0.1990267264167057, 0.19918152812829956, 0.1990963925713117, 0.1991143931740338, 0.19902960510598022, 0.19914061399464753, 0.1991038595892719, 0.19872672779043932, 0.19933655719781662, 0.19911693021194227, 0.19918660082153436, 0.19875862871863173, 0.19874978342007119, 0.19907816983375365, 0.19911714604834926, 0.1989862401153623, 0.1992052712084092, 0.19893629326648318, 0.1990629210300053], "epoch350": [0.20130781645012885, 0.19926995561294952, 0.1990563829535061, 0.19905745537625152, 0.19886485909678267, 0.19888585345032295, 0.1991706707121171, 0.19893797878752054, 0.19902801544395915, 0.1989925983025856, 0.1993543103183667, 0.1991027329385895, 0.19881161018130705, 0.19913937520120562, 0.19882639597371687, 0.19860218834016735, 0.19913198852661965, 0.19885457898538136, 0.19906596347843253, 0.19866229716649988, 0.19897805492288054, 0.19920104511619843, 0.1990780836528109, 0.19875285505634002, 0.1988135602363606, 0.1993313361074506, 0.19904175078131484, 0.19897231812944113, 0.19902022874232425, 0.19893395101901173, 0.19903503849948811, 0.19901038076459746, 0.19932207296189575, 0.19889816703255644, 0.19879210517578516, 0.1992072598221375, 0.19927635251246778, 0.19914564736110654, 0.19886821477683547, 0.19897193669043872, 0.19889493762832333, 0.19894490782747556, 0.1989328827440124, 0.19895929159577358, 0.19908860940294165, 0.19912183453741764, 0.1990219257848779, 0.1989934942156998, 0.1991060678799128, 0.1991564573086414],