{"epoch50": [7741.901642789547, 676.6069018177151, 405.38985608287675, 375.08242420314514, 346.3366131340104, 319.12861035533797, 294.8210200673526, 271.3725280761719, 252.20509149610382, 234.35459066174693, 217.71637120197724, 203.26219806474504, 189.93350581532897, 178.49546208332498, 168.17269165982907, 158.71160825749035, 149.77378648580967, 141.79853671359038, 134.52476989116866, 128.0483112138571, 121.83815828303699, 116.68782617627959, 111.62515156539448, 107.04825765078829, 102.36426764419397, 98.47122986783685, 94.82654870416698, 91.30820378568977, 88.06288166636041, 85.24845209809922, 82.17190339393221, 79.35729854623067, 76.88962468412731, 74.781761798662, 72.29188588722462, 70.25051360769369, 68.23194429063307, 66.15554959012063, 64.57955264061995, 62.76104181820584, 61.35282020962115, 59.458012964307656, 58.24464550214945, 56.70995165638087, 55.43197049799657, 54.12086612662088, 52.59805620331125, 51.62128432755618, 50.41065440227077, 49.447087474705015], "epoch100": [48.12784725857762, 46.89613169247343, 45.37202201921914, 44.855543490537684, 43.76766002301088, 42.921942720708174, 42.11106966942856, 41.20183921106083, 40.211868030508775, 39.66587062717713, 38.58092880249022, 38.1487640105572, 37.29466534644058, 36.494396268706964, 36.01002752166432, 35.18606091528825, 34.5520406703359, 33.79255664471497, 33.25909571303533, 32.6041338222543, 32.173927838040385, 31.4909382063089, 30.73953878265065, 30.294334804888848, 29.6214414970162, 29.07128426463332, 28.523396737796748, 27.685807709841395, 27.456474284535833, 26.726844060052294, 26.01176090830381, 25.423443489467974, 24.867907651920902, 24.16357972449863, 23.319254216459615, 22.603134174936834, 21.899934640864732, 20.895382104460726, 20.05003858349987, 19.232237452084263, 18.43445073943778, 17.385887028015762, 16.525531375531074, 15.52875740995112, 14.627693363071717, 13.73781102957184, 12.686648594964414, 11.82758602653582, 10.999551143842876, 10.164446452229294], "epoch150": [9.260042809948478, 8.442181542976616, 7.849461988075494, 7.289436497639135, 6.77580061155496, 6.324263921718007, 5.932815600916285, 5.587770717660176, 5.289720250159193, 4.991771929042858, 4.7804204852310646, 4.554334163665772, 4.394919139822731, 4.232745249246812, 4.0983291680050895, 3.989651810262622, 3.875942095038817, 3.7897560793099947, 3.702211709366632, 3.6315506119089016, 3.5699294080439308, 3.5119834929397435, 3.456941965929013, 3.4077585726669155, 3.3647248253379893, 3.3229880160892122, 3.2863529392124473, 3.252104820664395, 3.222581784749768, 3.199264479666641, 3.1787151602125654, 3.159229755401611, 3.1417809442146547, 3.125677270987599, 3.117764890808419, 3.104714904863809, 3.0994814327082687, 3.086271490018392, 3.0817388210100005, 3.075148975726255, 3.069044231139509, 3.0688241707909953, 3.0628817917145414, 3.055858275325028, 3.0518807258802587, 3.051195002093759, 3.0526153942973346, 3.0467503562415996, 3.0395436360663988, 3.036756176309488], "epoch200": [3.0682765724732706, 3.039651121060872, 3.037809453059718, 3.032326617191747, 3.0346257760352695, 3.0304048602114033, 3.034489255590538, 3.0304598537916974, 3.029021828444963, 3.031201551869972, 3.0256591088993035, 3.030939692074489, 3.025578415270933, 3.027027901914931, 3.0290966623837168, 3.024612770867102, 3.0230299344996814, 3.0242573330082854, 3.020637163181894, 3.02223425550559, 3.0205303319950696, 3.028671775896524, 3.0287558123008496, 3.0281331293361715, 3.0272889555115077, 3.027221913190232, 3.023054523566334, 3.024446521837687, 3.022950076565299, 3.018759191650704, 3.01745345912029, 3.019809656536456, 3.016302696208365, 3.0198302760566627, 3.0214229662393777, 3.019273126248232, 3.021810915052276, 3.02282512310854, 3.023777910114563, 3.022316686885873, 3.025715705045719, 3.0197748228446715, 3.0223358070727477, 3.021600875657858, 3.0233177278459675, 3.0229309784997365, 3.0220059734029876, 3.021272155427441, 3.015851824553972, 3.0158103667583664], "epoch250": [3.048625914091916, 3.01654226263774, 3.0117487661617304, 3.0112387568680288, 3.011144362774092, 3.0122599036423208, 3.0141944983570843, 3.0144262608793593, 3.0115669166918893, 3.0134202254187197, 3.0109446319108173, 3.0122126525210344, 3.0111545312035943, 3.0139919924981826, 3.017491030938848, 3.013949096817331, 3.0129924533293417, 3.016186485585478, 3.0097308035978334, 3.00942596946795, 3.0065782758378488, 3.012529437074957, 3.005975361951848, 3.0072346397281926, 3.011357948952115, 3.005848695322411, 3.008359941010622, 3.0088001649404323, 3.0081841921068966, 3.009414594198009, 3.004024650632721, 3.0051666854583106, 3.006746673092398, 3.0062564132139853, 3.0083334740904184, 3.0048908400781387, 3.0028336613448627, 3.0053923597040884, 3.0078568040710123, 3.0024476297122917, 3.0054723700297243, 3.0028983219382686, 3.00666579020392, 3.005742832557443, 3.010551472300106, 3.007434867092015, 3.0064111345822044, 3.00253848193847, 3.0039372296677422, 3.0000276590130985], "epoch300": [3.034818413331336, 3.005079571733768, 3.0058336061300683, 3.0066856207306865, 3.006705129269471, 3.0038875525759665, 3.003178539964339, 3.0074572047007453, 3.004367248299196, 3.006873546187412, 3.004540234496914, 3.00411667774633, 3.0055801917597194, 3.0082639246871783, 3.0089399691709544, 3.010231448203018, 3.0080021754982535, 3.009559891887547, 3.0086212895580178, 3.008854054913078, 3.0064629402357275, 3.0139738407331627, 3.0100254791299093, 3.011351865591462, 3.0087080395098824, 3.0092706975248675, 3.009705265772712, 3.0083289072685644, 3.001782009282064, 3.0038086089891256, 3.0059552708851918, 3.003646990687577, 3.0049871267731665, 3.0058499931060165, 3.003751700686425, 3.008527598430202, 3.0060964540107964, 3.002469945199712, 3.0080394302446813, 3.002104363490627, 3.0024253977942714, 2.998836613193001, 3.0069811245829783, 3.0054930460821727, 3.0009061847765435, 3.0041456689539645, 3.00193537879236, 3.001420271765325, 3.0034241528855152, 3.002107775088438], "epoch350": [3.034784031897476, 2.998654458940642, 3.0008806002508726, 3.00144654942542, 3.0065783249963194, 3.0030548130114045, 3.00193376885247, 3.001774293860209, 3.002866108392932, 3.0005427242554323, 3.0012859167511934, 3.0035217250745325, 3.0064344676499517, 3.0011754355479754, 3.006175569652282, 3.008277873403017, 3.0011194391348934, 3.0054744051903777, 3.006332281938534, 3.0072565717795463, 3.005729053438324, 3.003642445987033, 3.0051584145457464, 3.0035834779444435, 3.008684576172189, 3.002403967159311, 3.005232393127127, 3.0053873332505368, 3.002512378790945, 3.006318084972421, 3.0026748622815638, 3.002008283261171, 3.0013887366068723, 3.008291645148366, 3.006930906748035, 3.006775762616972, 3.0013669962735516, 3.0056000763608006, 3.004616086015995, 3.003136303006989, 3.0071203045009334, 3.0076055207203347, 3.008671672073835, 3.0074277440297243, 3.006045243174759, 3.00722579366153, 3.004251954481773, 3.0106608769328327, 3.006439587504593, 3.0065297023537227], "epoch400": [3.0393217716020406, 3.0070940932047736, 3.0021809228916743, 3.0060108199561997, 3.0062807269932077, 3.0107139287535674, 3.0063880202696485, 3.005416516176204, 3.0113987431083777, 3.007553562675556, 3.0130703375511567, 3.0116739395967467, 3.0091408945850477, 3.007861031699426, 3.004093912458913, 3.008352687678387, 3.0077061653137216, 3.006927691784103, 3.006355236486063, 3.0060251693135687, 3.0017703193979184, 3.0084390222411783, 3.0059175982917705, 3.0013788901653475, 3.00375363015637, 3.003850875441562, 3.001280049687808, 3.0008308764585507, 3.000837247396254, 3.00221207215614, 3.0020547576786307, 3.0022394263867245, 2.999841495887522, 2.9980276294590262, 3.0034359705816835, 3.0043542213046672, 3.001290997279058, 3.0013084583675744, 2.998572556013912, 3.0002946878216927, 2.9984923883811705, 3.00794274782397, 3.002084046295008, 3.0041395388927667, 3.0074413879630493, 3.0057040637301404, 3.008356037828112, 3.0081235453025585, 3.0096819867792823, 3.0054234327729232],