{"epoch50": [0.9862330230240972, 2.3455326471132096, 3.297695440115387, 2.174275597346197, 2.3781333252326733, 2.113356823773729, 2.774584691549086, 3.362307823810382, 2.3199590383116724, 2.4438926067548943, 2.604362291159088, 2.8093499203318175, 2.88651679471596, 2.958038337451895, 3.0232628178350702, 3.1151379408295616, 3.2689528342374823, 3.3278985293870114, 3.391978834093233, 3.388179208814483, 3.4130040886475874, 3.4014327452354824, 3.4159192326142613, 3.420610336913275, 3.404583213255578, 3.39945754070872, 3.4012730662355684, 3.4019245093630768, 3.401865177547809, 3.3997513190987187, 3.4204030848041005, 3.377863785655227, 3.374093603842038, 3.392404371930152, 3.3597103615397037, 3.27724738465142, 3.2262043854624953, 3.418562493373437, 3.295891653631152, 3.3824963594220345, 3.426783905815833, 3.416835108983149, 3.355784534179058, 3.321190539094592, 3.250732249820354, 3.1660309108262212, 3.048565896515992, 2.9694781942465873, 3.0137622921737206, 3.073621749877929], "epoch100": [3.0967237654420527, 3.0416659153613854, 3.0371463814961523, 3.0328637373816116, 2.981814158331488, 2.935279310364083, 2.8712694300818695, 2.8543168859383488, 2.862978227359731, 2.8845502248744377, 2.8552593005072207, 2.82525477950106, 2.7610851268178402, 2.7143988978002493, 2.747766165389227, 2.6962491286169623, 2.709198339698241, 2.691307485718088, 2.622022513261775, 2.5503698624286453, 2.506137528370336, 2.5335074011812506, 2.5609147032511603, 2.545284885721108, 2.472091893559878, 2.3854730915777465, 2.279709781568074, 2.279445488428333, 2.2672042060144175, 2.318381540554086, 2.20545508689487, 2.165624596408961, 2.1062794751727703, 2.133191081666455, 2.1092189636427103, 2.188606313823424, 2.202720044814434, 2.1805408812060803, 2.0494064965198957, 1.9986071734084307, 1.987065273461883, 1.9052321493011164, 1.9418999104155712, 1.9453544370906866, 1.8495610313317208, 1.873180887133805, 1.8139054320522192, 1.7769520307324602, 1.8266729239335986, 1.8185708891485153], "epoch150": [1.869670992045058, 1.7853805355189993, 1.7476699487450198, 1.71115553501955, 1.7579173206054046, 1.8434597524171021, 1.8065593058300995, 1.7059607223137143, 1.734352420285805, 1.608699874779612, 1.5768172618040106, 1.5743371051611368, 1.552730151058472, 1.5743171824622393, 1.5709106922149656, 1.5679479763679909, 1.5816299386860164, 1.5749158674908663, 1.640502436873839, 1.5945772743716682, 1.6333842633925768, 1.5905296114302176, 1.5213446236148325, 1.5518829675064876, 1.601104594997524, 1.5328829141007256, 1.5082781609800675, 1.5074201613357385, 1.5198770491118287, 1.5319305006990727, 1.525855885338537, 1.5581612193707326, 1.4428313036554865, 1.5231523710427826, 1.4451535006159366, 1.4572910328501278, 1.390709053609789, 1.4188954707273502, 1.4824778050491494, 1.4542895764419712, 1.4409293636833265, 1.4567001345231363, 1.480556817398858, 1.4654543141728817, 1.522248026021977, 1.5435552240646984, 1.479351314072757, 1.4552556558982614, 1.4324632293170265, 1.4667763783759677], "epoch200": [1.4321357196139306, 1.554304902086553, 1.4824097476054712, 1.3849379537031827, 1.5020855308808, 1.5595154049470257, 1.4215943665848565, 1.4819447416620164, 1.448162837126821, 1.4463278079770274, 1.3634316159277844, 1.4491805194579455, 1.3585498517321548, 1.4364368522290107, 1.403482972961111, 1.3594543356256388, 1.4509660472574923, 1.4793385402443482, 1.4404593779868686, 1.476177264734641, 1.4456880141779325, 1.4362060876236746, 1.434780120849609, 1.4277857935305727, 1.363574004664863, 1.3116509115573067, 1.3886604014131205, 1.407795663961431, 1.461873472351389, 1.4202855137205614, 1.4266601714891258, 1.3704516727899767, 1.357390531559581, 1.4077930216936725, 1.4214021827756735, 1.3918874325211517, 1.3712583534496345, 1.4035068443141028, 1.4792216254263806, 1.4004153848923364, 1.3033986386564593, 1.4001884693951951, 1.3927594054605539, 1.292131357586261, 1.3488078854747656, 1.386119613942412, 1.3889957260839718, 1.352273675584302, 1.3781286097064458, 1.3571622224198172], "epoch250": [1.4006535048337325, 1.3500190026981318, 1.31520732161925, 1.283354095576965, 1.3268690797471516, 1.3200298793537097, 1.3420094030419574, 1.3029470111905914, 1.3272352144890223, 1.3101284602253707, 1.3322688021610691, 1.2749177254352364, 1.3641833066940312, 1.3442818061592658, 1.2853224781370656, 1.2763086827759895, 1.2995875533094114, 1.23139062616014, 1.3038032878305497, 1.244866406794676, 1.2365031697086448, 1.277457556773707, 1.2625949763760125, 1.236824561640159, 1.2687184761479957, 1.2487907114717152, 1.2407513930625529, 1.3057279881742814, 1.2561812892402568, 1.2209553497353784, 1.26685339519658, 1.233682427209677, 1.2786977561478765, 1.2585315839531495, 1.255650002931811, 1.2223665099783039, 1.2696208191901135, 1.2483894321107374, 1.233216178785894, 1.3113635753847896, 1.3375127426127795, 1.3174638735879332, 1.2683895482230427, 1.251888417706047, 1.3519685637090626, 1.319928343763057, 1.2775398652578143, 1.2799594193389734, 1.2296701301004465, 1.2695667682234781], "epoch300": [1.2456750034056983, 1.3312815796468676, 1.3325222951849718, 1.3442958654816621, 1.2718177001500868, 1.2121634790577847, 1.2567852686360939, 1.2243892716378282, 1.245417819809668, 1.243305198925058, 1.2665151922973164, 1.240666914231998, 1.2413526281868053, 1.2442320720436642, 1.212671206169522, 1.1904737470076254, 1.1950786310372894, 1.2496118533242602, 1.2150610525583478, 1.2280442382871495, 1.219331570507325, 1.391075743842371, 1.2733774074574105, 1.2300835036739863, 1.2885940333002626, 1.2345331759796934, 1.2368145431439899, 1.2997756545076666, 1.2693206735492983, 1.2495437037084514, 1.2574946536231282, 1.2702794517438436, 1.2921202502299831, 1.2552146727276836, 1.2675938606262211, 1.2252303853477395, 1.2660716452549414, 1.2870559077901935, 1.2047942200886834, 1.289980749494022, 1.2129901868780861, 1.205451624909627, 1.2585975288115827, 1.2431875418141944, 1.3243036184114279, 1.3129055500030515, 1.3410798434129692, 1.277199691103906, 1.2559914957616751, 1.2804400871709458], "epoch350": [1.2961294958271934, 1.304554828663462, 1.2793737207491374, 1.270411614290218, 1.1971443608864072, 1.2535205329816368, 1.355511799301069, 1.3047068487737596, 1.453997918010987, 1.3702192171332768, 1.4675971933246883, 1.3796986845350758, 1.3142001936116172, 1.3324073762008823, 1.2859065803055916, 1.3031718866112303, 1.338143712466525, 1.3191714704651192, 1.363599484728784, 1.2948273076224575, 1.3644469607736645, 1.3583613732426434, 1.3262236781956, 1.3086087138382432, 1.2673538235044972, 1.306413244955318, 1.2766641599615827, 1.277934080546663, 1.2833688812157544, 1.312058703186586, 1.2860900950186032, 1.2858329667258508, 1.254233279179052, 1.3524401187896729, 1.3029562124271985, 1.277337399954649, 1.2886076821494348, 1.3244736243769064, 1.309115038704626, 1.2952284653162218, 1.3396662793208651, 1.3007828771453542, 1.3187274097167339, 1.34164666023451, 1.3054741743913632, 1.380036892350187, 1.359449083043128, 1.3487284417004923, 1.295850761157951, 1.3336335531215073], "epoch400": [1.3629151717903694, 1.4120667496907344, 1.330868507168957, 1.3988630575003076, 1.388370966173938, 1.3315577568467132, 1.362980602942791, 1.2602345574762404, 1.3431545102719178, 1.2920917936207095, 1.2704022373120802, 1.2914356128456663, 1.290089765774835, 1.2816203844915957, 1.293582032636269, 1.2838372594302465, 1.3078662083321009, 1.2872080913524035, 1.2763355085530237, 1.293875598415886, 1.4007670301751989, 1.322722872507941, 1.3512534652788615, 1.2750043119351886, 1.288676704328085, 1.2487432772351292, 1.2790643394607857, 1.3118708797336849, 1.3233172807496845, 1.2594923247996064, 1.3036450909585067, 1.3276318225663961, 1.3344395541653185, 1.3048177183288892, 1.3573565778044083, 1.430529389184774, 1.3203732426633539, 1.3773559184418511, 1.4254165285641383, 1.295844271010959, 1.3474483772651433, 1.3550324218789325, 1.2913820829588118, 1.3603558319131126, 1.2837808218198954, 1.2763959034202021, 1.2785442354752843, 1.261501759597935, 1.2503401704670236, 1.337865390728429],