{"epoch50": [0.7029101716488907, 0.4611193546929313, 0.39625605357061966, 0.3548349685890158, 0.3419644132102887, 0.32646653086868754, 0.35159872334028025, 0.44214482712991454, 0.39286133186104355, 0.30366005602571156, 0.2741321458951715, 0.26575007389501193, 0.27697462580867643, 0.2593664205873134, 0.244434036698538, 0.23280035097574442, 0.23254176236919524, 0.23320646584033963, 0.23131168149795714, 0.22971571106271646, 0.22892169884799682, 0.22659042185729308, 0.22660528860755802, 0.22717435657978058, 0.22575102362436117, 0.22510368737977818, 0.22461880129022702, 0.22630023864126697, 0.2259459361894844, 0.2256073337240317, 0.22578159358698072, 0.22470178846845917, 0.2278379335538628, 0.23025513432689546, 0.23677555126013217, 0.2478346071906926, 0.2511069442808013, 0.256678953152342, 0.2512980886955851, 0.2501034206643547, 0.248607629967719, 0.24484216460247626, 0.2431995025307862, 0.24308849548556138, 0.2456096857786178, 0.25247112930435495, 0.2602404979700894, 0.26394938500886106, 0.26357684768352313, 0.2567526436958116], "epoch100": [0.25505274027278735, 0.25588700943386444, 0.2574947591602188, 0.26505253302682313, 0.271753930861188, 0.2806213479681115, 0.2863627432547893, 0.2926388868351575, 0.2868689387729488, 0.2907131956410164, 0.2926851489494757, 0.2934652090687114, 0.299094330096982, 0.3128166997555605, 0.3118018747604998, 0.3177589064406365, 0.31521903976951676, 0.3194367237312278, 0.3283122728780371, 0.3423196814723851, 0.341054773822273, 0.3441608674132946, 0.3445497059944979, 0.3409543403030669, 0.342096982850242, 0.35320402144156776, 0.37327592796886083, 0.37669240291585626, 0.37665036474306557, 0.37037922395873324, 0.38402529076202635, 0.39759125783271404, 0.40461504981689844, 0.3946735370404941, 0.4056067518966715, 0.401880121108183, 0.3950497004174695, 0.4017077973208476, 0.4198308866663078, 0.4214982663847736, 0.432655806701208, 0.44293352531403624, 0.4342697299632828, 0.44988706738678436, 0.4499183352460566, 0.4425369003384383, 0.45376572227969597, 0.4589292388601401, 0.4621063685908759, 0.4539929407159075], "epoch150": [0.4584159820350175, 0.4618942488714592, 0.466305209803827, 0.4769668840255935, 0.4697379048952124, 0.45162318969510284, 0.46855934348303013, 0.4891547090613965, 0.49631866075328934, 0.5083983669575957, 0.5062579564827007, 0.5065898173248644, 0.5137204558578964, 0.4954274057113018, 0.5000908325627907, 0.49741187138655746, 0.4981565576853211, 0.5042151068289256, 0.48902048431720935, 0.4986911455995029, 0.48012511662601215, 0.5021416031822715, 0.504766876550065, 0.5104530352292601, 0.506044207160006, 0.5134929891714114, 0.5104642402879971, 0.5090496143729417, 0.5194480919960848, 0.5130865997874859, 0.5126821782785592, 0.5087704517177701, 0.5378157299818452, 0.5221549681167014, 0.5367439088133193, 0.5211215102180994, 0.5391125390210103, 0.5230228304862975, 0.5189079516327257, 0.5236440589747478, 0.522748399641096, 0.5233884410759837, 0.516032991335564, 0.5272556653956777, 0.5045846411862324, 0.5264083472723815, 0.5180831483958925, 0.5248084569100251, 0.531177439025997, 0.5191069165455928], "epoch200": [0.5353637921441461, 0.5029605055592722, 0.5321034998008886, 0.5356181042710532, 0.503636005920233, 0.5108741315984234, 0.5389946938789996, 0.5235694496287513, 0.5275658120199579, 0.5330437627649799, 0.5227385399882326, 0.5315904494413398, 0.5301650572068913, 0.5288749457020118, 0.5271069069498594, 0.5373633737416612, 0.5176199643882282, 0.522594766825745, 0.5225247789904014, 0.5212817815775723, 0.5263555243457717, 0.5232402338195092, 0.5095016068404481, 0.5307415705366234, 0.5482579285336524, 0.556125882974605, 0.5267947835406076, 0.5155652684649242, 0.518522531715865, 0.5287432913313207, 0.5359699830566486, 0.544944868259823, 0.537774398154819, 0.5158804814840101, 0.5357535555190647, 0.5416410995512891, 0.5392349264056412, 0.5274526169619611, 0.5228366421670027, 0.5400470470644764, 0.5558335387829649, 0.5186039409072127, 0.5320852103921557, 0.550497200685678, 0.5269990566465044, 0.5338603172105613, 0.5391047836579002, 0.5512000211735361, 0.5294175615015719, 0.540238389649342], "epoch250": [0.5435580727980307, 0.5444973762502376, 0.5355395628619442, 0.5633838354926749, 0.5425641315499533, 0.546880766903002, 0.5530513549588388, 0.5567834537053846, 0.5402211675938873, 0.5510177114575179, 0.5486834381044526, 0.5584500604069111, 0.5444287172297841, 0.5516770525076955, 0.5591267648431443, 0.5453298933727223, 0.5564914118383348, 0.5678510561431808, 0.5428310651140114, 0.5698383659431616, 0.5609312598238287, 0.5635609657494062, 0.5548663889009927, 0.5677344362760327, 0.5551362996248854, 0.5660495684318935, 0.5592273860862574, 0.5473646963994528, 0.5655858891526445, 0.5742146575573794, 0.550811543292606, 0.5674584809037826, 0.5527494340827782, 0.5715580613342758, 0.5565364655760147, 0.5647078334670703, 0.5563321586736697, 0.5669636843130763, 0.5680572218501692, 0.558485515338858, 0.5609047793850456, 0.5489587863695989, 0.5576668148188247, 0.5522497474532768, 0.5321572300085086, 0.5532521925021692, 0.5542806681898452, 0.558752077756469, 0.5780632753962092, 0.5569205861730674], "epoch300": [0.5726345623891378, 0.5437499395350821, 0.5488656912882302, 0.5447897855768498, 0.5764139657168044, 0.5668475726216111, 0.5547506753931338, 0.5701414014875275, 0.5657210067375417, 0.5591505335778304, 0.5580542314912854, 0.5620196179016352, 0.5616383202297173, 0.5768502449866425, 0.5697427650087888, 0.5631361106007372, 0.5709920304337728, 0.5688615656390633, 0.5830335838278545, 0.5733794840340761, 0.5652058554678847, 0.5383614940741627, 0.5829957858803345, 0.5622646194143394, 0.5656167569848677, 0.566493595998312, 0.5557347308729111, 0.5591532440529656, 0.5696800449459825, 0.5722767071625622, 0.5769033462730879, 0.5597367176075572, 0.5649323334398958, 0.5649934705999706, 0.5696013803334581, 0.5673684772756912, 0.5595834568603749, 0.5619663018541237, 0.5760468938916, 0.5734280206493492, 0.5815935601893159, 0.5747166878169346, 0.5564255769719784, 0.5720031617842997, 0.5432891747386182, 0.567579609831584, 0.5503404650491537, 0.5664935025972192, 0.5661161707848615, 0.5587293806764269], "epoch350": [0.5625176466617386, 0.5489975585765445, 0.5737238501765064, 0.5745200932640389, 0.5701061997217001, 0.5674865337991225, 0.5441241092288618, 0.5680872668925017, 0.5474002388949247, 0.5561546502039604, 0.5542474001953279, 0.5419460977475667, 0.5477811780172526, 0.5524707175407212, 0.5519476090509869, 0.5435829051991099, 0.5421527464365224, 0.5497891067229597, 0.5450678633660387, 0.5577748792687642, 0.5502903897737721, 0.5601843810573071, 0.5487417609421251, 0.556959345783155, 0.5599229556998029, 0.5596191323909563, 0.5753881187783073, 0.5617591296274638, 0.5600697852901579, 0.5586050066751304, 0.5609848038437442, 0.564261282842184, 0.5595855411794997, 0.5423335746391532, 0.5673545002937318, 0.5606620760308098, 0.5803546291036705, 0.549280709827069, 0.5643209096082709, 0.5540933498402232, 0.5475897401878513, 0.5440350727936656, 0.5484135544177184, 0.5509598654570039, 0.5520644802408119, 0.5409866688177758, 0.5609714579336421, 0.5511079522752268, 0.5550099119697649, 0.5501915677306577],