{"epoch1600": {"count_0": 96403, "count_0.5": 21562, "count_1": 60861, "unique": 14071, "overlap": 362, "crossing": 9174, "self_avoid": 6826, "loop4": 9100, "loop6": 5206, "loop8": 4131, "loop10": 2324, "loop12": 1265, "loop14": 565, "rg2": 7.481426714034574, "rg4": 99.51936386381117, "rg6": 1820.5896029845383}, "epoch1700": {"count_0": 93842, "count_0.5": 24774, "count_1": 60930, "unique": 13802, "overlap": 360, "crossing": 8927, "self_avoid": 7073, "loop4": 9297, "loop6": 5900, "loop8": 3857, "loop10": 2293, "loop12": 1470, "loop14": 577, "rg2": 7.56819728191715, "rg4": 102.27197315675036, "rg6": 1896.0884915766749}, "epoch1800": {"count_0": 97415, "count_0.5": 26935, "count_1": 65569, "unique": 13779, "overlap": 345, "crossing": 9350, "self_avoid": 6650, "loop4": 8476, "loop6": 6528, "loop8": 4209, "loop10": 2474, "loop12": 1373, "loop14": 580, "rg2": 7.328554981203007, "rg4": 94.27102702434797, "rg6": 1651.44845475204}}